-- phpMyAdmin SQL Dump
-- version 5.0.2
-- https://www.phpmyadmin.net/
--
-- Hôte : 127.0.0.1:3306
-- Généré le : jeu. 10 juin 2021 à 08:58
-- Version du serveur :  5.7.31
-- Version de PHP : 7.3.21

SET SQL_MODE = "NO_AUTO_VALUE_ON_ZERO";
START TRANSACTION;
SET time_zone = "+00:00";


/*!40101 SET @OLD_CHARACTER_SET_CLIENT=@@CHARACTER_SET_CLIENT */;
/*!40101 SET @OLD_CHARACTER_SET_RESULTS=@@CHARACTER_SET_RESULTS */;
/*!40101 SET @OLD_COLLATION_CONNECTION=@@COLLATION_CONNECTION */;
/*!40101 SET NAMES utf8mb4 */;

--
-- Base de données : `offermgmt`
--

-- --------------------------------------------------------

--
-- Structure de la table `bundle`
--

DROP TABLE IF EXISTS `bundle`;
CREATE TABLE IF NOT EXISTS `bundle` (
  `idbundle` int(11) NOT NULL AUTO_INCREMENT,
  `isroaming` tinyint(1) NOT NULL DEFAULT '0' COMMENT 'config level',
  `isActive` tinyint(1) DEFAULT '0' COMMENT 'config level',
  `refill` varchar(8) DEFAULT NULL COMMENT 'config level',
  `nom` varchar(255) NOT NULL COMMENT 'Marketing Level',
  `refillinjection` varchar(8) DEFAULT NULL COMMENT 'config level',
  `isBuyableForOther` tinyint(1) DEFAULT '0' COMMENT 'Marketing Level',
  `refillfwd` varchar(8) DEFAULT NULL COMMENT 'config level',
  `refillapi` varchar(8) DEFAULT NULL COMMENT 'config level',
  `refilllms` varchar(8) DEFAULT NULL COMMENT 'config level',
  `refillmypos` varchar(8) DEFAULT NULL COMMENT 'config level',
  `chargingindicator` int(11) DEFAULT NULL COMMENT 'config level',
  `chargingindicatorom` int(11) DEFAULT NULL COMMENT 'config level',
  `isautorenewable` tinyint(1) DEFAULT '0' COMMENT 'Marketing level',
  `pamclass` int(11) DEFAULT NULL COMMENT 'config level',
  `pamservice` int(11) DEFAULT NULL COMMENT 'config level',
  `pamscheduled` int(11) DEFAULT NULL COMMENT 'config level',
  `isbuylimited` tinyint(1) DEFAULT '0' COMMENT 'Marketing level',
  `buymaximum` int(11) DEFAULT NULL COMMENT 'Marketing level',
  `buyfrequency` varchar(16) DEFAULT NULL COMMENT 'Marketing Level : jour semaine;mois',
  `accumulatorid` int(11) DEFAULT NULL COMMENT 'config level',
  `description` text COMMENT 'Marketing Level',
  `prix` float DEFAULT NULL COMMENT 'Marketing Level',
  `taxe` varchar(8) DEFAULT NULL COMMENT 'HT, TTC',
  `validite` varchar(16) DEFAULT NULL COMMENT 'Marketing Level',
  `isBuyableByOM` tinyint(1) DEFAULT '0' COMMENT 'Marketing Level',
  `refillom` varchar(8) DEFAULT NULL COMMENT 'config level',
  `isBuyableWithLanyCredit` tinyint(1) DEFAULT '1' COMMENT 'Marketing Level',
  `refilllanycredit` varchar(8) DEFAULT NULL COMMENT 'config level',
  `groups` varchar(128) DEFAULT NULL COMMENT 'Marketing level',
  `grouprank` int(11) DEFAULT NULL COMMENT 'Marketing level',
  `groups1` varchar(255) DEFAULT NULL COMMENT 'Marketing level',
  `groupsrank1` int(11) DEFAULT NULL COMMENT 'Marketing level',
  `groups2` varchar(255) DEFAULT NULL COMMENT 'Marketing level',
  `groupsrank2` int(11) DEFAULT NULL COMMENT 'Marketing level',
  `groups3` varchar(255) DEFAULT NULL COMMENT 'Marketing level',
  `groupsrank3` int(11) DEFAULT NULL COMMENT 'Marketing level',
  `groups4` varchar(255) DEFAULT NULL COMMENT 'Marketing level',
  `groupsrank4` int(11) DEFAULT NULL COMMENT 'Marketing level',
  `groups5` varchar(255) DEFAULT NULL COMMENT 'Marketing level',
  `groupsrank5` int(11) DEFAULT NULL COMMENT 'Marketing level',
  `generalrank` int(11) DEFAULT NULL COMMENT 'Marketing level',
  `commentaire` text COMMENT 'Marketing Level',
  PRIMARY KEY (`idbundle`),
  UNIQUE KEY `refill` (`refill`)
) ENGINE=InnoDB AUTO_INCREMENT=204 DEFAULT CHARSET=latin1;

--
-- Déchargement des données de la table `bundle`
--

INSERT INTO `bundle` (`idbundle`, `isroaming`, `isActive`, `refill`, `nom`, `refillinjection`, `isBuyableForOther`, `refillfwd`, `refillapi`, `refilllms`, `refillmypos`, `chargingindicator`, `chargingindicatorom`, `isautorenewable`, `pamclass`, `pamservice`, `pamscheduled`, `isbuylimited`, `buymaximum`, `buyfrequency`, `accumulatorid`, `description`, `prix`, `taxe`, `validite`, `isBuyableByOM`, `refillom`, `isBuyableWithLanyCredit`, `refilllanycredit`, `groups`, `grouprank`, `groups1`, `groupsrank1`, `groups2`, `groupsrank2`, `groups3`, `groupsrank3`, `groups4`, `groupsrank4`, `groups5`, `groupsrank5`, `generalrank`, `commentaire`) VALUES
(1, 0, 1, 'BA', 'Be SMS 7', NULL, 1, NULL, NULL, NULL, NULL, NULL, NULL, 0, NULL, NULL, NULL, 0, NULL, NULL, NULL, 'Be SMS 7: 450 SMS vers Orange. Prix 450 Ar TTC. Valable 7j|Be SMS 7 : 450 SMS @ Orange. Vidiny 450 Ar TTC. Faharetany 7 andro|Be SMS 7: 450 SMS vers Orange. Prix 450 Ar TTC. Valable 7j', 450, 'TTC', '7j', 0, NULL, 0, NULL, 'Be (Voix/SMS)', 1, 'Be (Appels & SMS)|Be (Antso & SMS)|Be (Appels & SMS)', 1, '3 a 7jours|3 h@ 7andro|3 a 7jours', 2, NULL, NULL, NULL, NULL, NULL, NULL, 4, NULL),
(2, 0, 1, 'BA05', 'Be SMS 1', NULL, 1, NULL, NULL, NULL, NULL, NULL, NULL, 0, NULL, NULL, NULL, 0, NULL, NULL, NULL, 'Be SMS 250: 150 SMS vers Orange et 50 SMS vers tous les operateurs a toutes heures.  validite 24 heures.|Be SMS 250 : 150 SMS @ Orange sy  50 SMS @ tambazotra rehetra @ ora rehetra.  Faharetany  24 ora|Be SMS 250: 150 SMS vers Orange et 50 SMS vers tous les operateurs a toutes heures.  validite 24 heures.', 250, 'TTC', '24h', 0, NULL, 0, NULL, 'Be (Voix/SMS)', 1, 'Be (Appels & SMS)|Be (Antso & SMS)|Be (Appels & SMS)', 1, '24h|24Ora|24h', 1, NULL, NULL, NULL, NULL, NULL, NULL, 3, NULL),
(3, 0, 1, 'BA06', 'Be SMS 3', NULL, 1, NULL, NULL, NULL, NULL, NULL, NULL, 0, NULL, NULL, NULL, 0, NULL, NULL, NULL, 'Be SMS 450 Crossnet: 150 SMS vers Orange et 50 SMS vers tous les operateurs a toutes heures.  validite 3 jours.|Be SMS 450 Crossnet : 150 SMS @ Orange sy 50 SMS @ tambazotra rehetra @ ora rehetra. Faharetany 3 andro|Be SMS 450 Crossnet: 150 SMS vers Orange et 50 SMS vers tous les operateurs a toutes heures.  validite 3 jours.', 450, 'TTC', '3j', 0, NULL, 0, NULL, 'Be (Voix/SMS)', 1, 'Be (Appels & SMS)|Be (Antso & SMS)|Be (Appels & SMS)', 1, '3 a 7jours|3 h@ 7andro|3 a 7jours', 2, NULL, NULL, NULL, NULL, NULL, NULL, 2, NULL),
(4, 0, 1, 'BA08', 'Be SMS 30', NULL, 1, NULL, NULL, NULL, NULL, NULL, NULL, 0, NULL, NULL, NULL, 0, NULL, NULL, NULL, 'Be SMS 30: 100 SMS vers tous les operateurs a toutes heures. Non partageables. Valable 30j.|Be SMS 30 : 100 SMS @ tambazotra rehetra @ ora rehetra. Tsy afaka zaraina. Faharetany 30 andro.|Be SMS 30: 100 SMS vers tous les operateurs a toutes heures. Non partageables. Valable 30j.', 1000, 'TTC', '30j', 0, NULL, 0, NULL, 'Be (Voix/SMS)', 1, 'Be (Appels & SMS)|Be (Antso & SMS)|Be (Appels & SMS)', 1, '30jours|30andro|30jours', 3, NULL, NULL, NULL, NULL, NULL, NULL, 1, NULL),
(5, 0, 1, 'BE01', 'Be 500', NULL, 1, NULL, NULL, NULL, NULL, NULL, NULL, 0, NULL, NULL, NULL, 0, NULL, NULL, NULL, 'Be 500Ar TTC: 5min vers Orange et/ou 2min vers autres operateurs. Bonus 10min vers n Famille, 25SMS vers Orange. Valable 24h|Be 500Ar TTC: 5min @ Orange sy/na 2min @ tambazotra rehetra. Kadoa 10min@ num Famille, 25SMS @Orange. Faharetany 24 ora|Be 500Ar TTC: 5min vers Orange et/ou 2min vers autres operateurs. Bonus 10min vers n Famille, 25SMS vers Orange. Valable 24h', 500, 'TTC', '24h', 0, NULL, 0, NULL, 'Be (Voix/SMS)', 1, 'Be (Appels & SMS)|Be (Antso & SMS)|Be (Appels & SMS)', 1, '24h|24Ora|24h', 1, NULL, NULL, NULL, NULL, NULL, NULL, 1, NULL),
(6, 0, 1, 'BE02', 'Be 1000', NULL, 1, NULL, NULL, NULL, NULL, NULL, NULL, 0, NULL, NULL, NULL, 0, NULL, NULL, NULL, 'Be 1000Ar TTC: 13 min vers Orange et/ou 4min vers autres operateurs. Bonus 15min vers n Famille, 50SMS vers Orange.Valable 24h|Be 1000Ar TTC: 13 min @ Orange sy/na 4min @ tambazotra rehetra. Kadoa 15min@ n Famille, 50SMS @Orange.Faharetany 24ora|Be 1000Ar TTC: 13 min vers Orange et/ou 4min vers autres operateurs. Bonus 15min vers n Famille, 50SMS vers Orange.Valable 24h\r\n', 1000, 'TTC', '24h', 0, NULL, 0, NULL, 'Be (Voix/SMS)', 1, 'Be (Appels & SMS)|Be (Antso & SMS)|Be (Appels & SMS)', 1, '24h|24Ora|24h', 1, NULL, NULL, NULL, NULL, NULL, NULL, 2, NULL),
(7, 0, 1, 'BE04', 'Be 5000', NULL, 1, NULL, NULL, NULL, NULL, NULL, NULL, 0, NULL, NULL, NULL, 0, NULL, NULL, NULL, 'Be 5000Ar TTC: 83min vers Orange et/ou 29min vers autres operateurs. Bonus 60min vers n Famille, 100SMS vers Orange. Valable 7 j|Be 5000Ar TTC: 83min @Orange sy/na 29min @ tambazotra rehetra. Kadoa 60min @ n Famille 100SMS @Orange.Faharetany 7 andro|Be 5000Ar TTC: 83min vers Orange et/ou 29min vers autres operateurs. Bonus 60min vers n Famille, 100SMS vers Orange. Valable 7j\r\n', 5000, 'TTC', '7j', 0, NULL, 0, NULL, 'Be (Voix/SMS)', 1, 'Be (Appels & SMS)|Be (Antso & SMS)|Be (Appels & SMS)', 1, '3 a 7jours|3 h@ 7andro|3 a 7jours', 2, NULL, NULL, NULL, NULL, NULL, NULL, 3, NULL),
(8, 0, 1, 'BE05', 'Be 10000', NULL, 1, NULL, NULL, NULL, NULL, NULL, NULL, 0, NULL, NULL, NULL, 0, NULL, NULL, NULL, 'Be 10000Ar TTC: 166min vers Orange et/ou 61min vers autres operateurs. Bonus 180min vers n Famille, 10min vers l international, 200SMS \r\n vers Orange.Valable 30j|Be 10 000Ar TTC: 166min mankany @ Orange sy/na 61min @ tambazotra rehetra.Kadoa 80min @num Famille, 10min mankany ivelany \r\n, 200SMS @Orange.Faharetany 30 andro|Be 10000Ar TTC: 166min vers Orange et/ou 61min vers autres operateurs. Bonus 180min vers n Famille, 10min vers l international, 200SMS \r\n vers Orange.Valable 30j\r\n', 10000, 'TTC', '30j', 0, NULL, 0, NULL, 'Be (Voix/SMS)', 1, 'Be (Appels & SMS)|Be (Antso & SMS)|Be (Appels & SMS)', 1, '30jours|30andro|30jours', 3, NULL, NULL, NULL, NULL, NULL, NULL, 2, NULL),
(9, 0, 1, 'BE06', 'Be 20000', NULL, 1, NULL, NULL, NULL, NULL, NULL, NULL, 0, NULL, NULL, NULL, 0, NULL, NULL, NULL, 'Be 20000Ar TTC:  512min vers Orange et/ou 83min vers autres operateurs. Bonus 15min vers l international et  300SMS vers Orange. Valable 30 jours.|Be 20 000Ar TTC:  512min @ Orange sy/na 83min @ tambazotra rehetra. Kadoa 15min mankany ivelany ary300SMS @ Orange. Faharetany  30 andro.|Be 20000Ar TTC:  512min vers Orange et/ou 83min vers autres operateurs. Bonus 15min vers l international et  300SMS vers Orange. Valable 30 jours.', 20000, 'TTC', '30j', 0, NULL, 0, NULL, 'Be (Voix/SMS)', 1, 'Be (Appels & SMS)|Be (Antso & SMS)|Be (Appels & SMS)', 1, '30jours|30andro|30jours', 3, NULL, NULL, NULL, NULL, NULL, NULL, 3, NULL),
(10, 0, 1, 'BE07', 'Be 30000', NULL, 1, NULL, NULL, NULL, NULL, NULL, NULL, 0, NULL, NULL, NULL, 0, NULL, NULL, NULL, 'Be 30000Ar TTC:  500min vers Orange et/ou 200min vers autres operateurs. Bonus 300min vers n Famille, 20min vers l international,\r\n 300SMS vers Orange. Valable 30j|Be 30 000Ar TTC:  500min  @ Orange sy/na 200min @ tambazotra rehetra. Kadoa 300min @ num Famille, 20min mankany ivelany, \r\n300SMS@ Orange.Manankery 30 andro|Be 30000Ar TTC:  500min vers Orange et/ou 200min vers autres operateurs. Bonus 300min vers n Famille, 20min vers l international, \r\n300SMS vers Orange. Valable 30j\",\r\n', 30000, 'TTC', '30j', 0, NULL, 0, NULL, 'Be (Voix/SMS)', 1, 'Be (Appels & SMS)|Be (Antso & SMS)|Be (Appels & SMS)', 1, '30jours|30andro|30jours', 3, NULL, NULL, NULL, NULL, NULL, NULL, 4, NULL),
(11, 0, 1, 'BE08', 'Be 100000', NULL, 1, NULL, NULL, NULL, NULL, NULL, NULL, 0, NULL, NULL, NULL, 0, NULL, NULL, NULL, 'Be 100000Ar TTC:  42heures vers Orange et/ou 412min vers autres operateurs. Bonus 60min vers l international et 400sms vers orange.Valable 30j|Be 100 000Ar TTC:  42 ora @Orange sy/na 412min @ tambazotra rehetra. Bonus 60min mankany ivelany sy 400sms @ orange.Manankery 30 andro|Be 100000Ar TTC:  42heures vers Orange et/ou 412min vers autres operateurs. Bonus 60min vers l international et 400sms vers orange.Valable 30j\",\r\n', 100000, 'TTC', '30j', 0, NULL, 0, NULL, 'Be (Voix/SMS)', 1, 'Be (Appels & SMS)|Be (Antso & SMS)|Be (Appels & SMS)', 1, '30jours|30andro|30jours', 3, NULL, NULL, NULL, NULL, NULL, NULL, 5, NULL),
(12, 1, 1, 'D103', '100Mo - 2j|100Mo - 2j|100Mo - 2days', NULL, 1, NULL, NULL, NULL, NULL, NULL, NULL, 0, NULL, NULL, NULL, 0, NULL, NULL, NULL, NULL, 48000, 'TTC', '2j||2 days', 0, NULL, 0, NULL, 'Pass Voyage (Roaming)', 7, 'Roaming|Roaming|Roaming', 6, 'Forfait Pass Voyage Internet|Tolotra  Pass Voyage Internet|Forfait Pass Voyage Internet', 1, 'Zone Ocean Indien|Faritra Ocean Indien|Zone Ocean Indien', 1, 'Les Forfaits Roaming Internet|Les Forfaits Roaming Internet|Internet Roaming Packages', 1, NULL, 1, 1, NULL),
(13, 1, 1, 'D104', '1Go - 7j|1Go - 7j|1Go - 7days', NULL, 1, NULL, NULL, NULL, NULL, NULL, NULL, 0, NULL, NULL, NULL, 0, NULL, NULL, NULL, NULL, 240000, 'TTC', '7j', 0, NULL, 0, NULL, 'Pass Voyage (Roaming)', 7, 'Roaming|Roaming|Roaming', 6, 'Forfait Pass Voyage Internet|Tolotra  Pass Voyage Internet|Forfait Pass Voyage Internet', 1, 'Zone Ocean Indien|Faritra Ocean Indien|Zone Ocean Indien', 1, 'Les Forfaits Roaming Internet|Les Forfaits Roaming Internet|Internet Roaming Packages', 1, NULL, 3, 2, NULL),
(14, 1, 1, 'D105', 'Internet France- Amerique du Nord - Afrique - Europe 50 Mo|Internet France- Amerique du Nord - Afrique - Europe 50 Mo|Internet France- Amerique du Nord - Afrique - Europe 50 Mo', NULL, 1, NULL, NULL, NULL, NULL, NULL, NULL, 0, NULL, NULL, NULL, 0, NULL, NULL, NULL, NULL, 72000, 'TTC', '2j|2 andro|', 0, NULL, 0, NULL, 'Pass Voyage (Roaming)', 7, 'Roaming|Roaming|Roaming', 6, 'Forfait Pass Voyage Internet|Tolotra  Pass Voyage Internet|Forfait Pass Voyage Internet', 1, 'Zone France - Afrique - Europe|Faritra France - Afrique - Europe|Zone France - Afrique - Europe', 2, 'Les Forfaits Roaming Internet|Les Forfaits Roaming Internet|Internet Roaming Packages', 1, NULL, 1, 1, NULL),
(15, 0, 1, 'DB05', 'Be connect 200Mo', NULL, 1, NULL, NULL, NULL, NULL, NULL, NULL, 0, NULL, NULL, NULL, 0, NULL, NULL, NULL, NULL, 3000, 'TTC', '7j', 0, NULL, 0, NULL, 'Be connect (Internet)', 3, 'Be Connect(Internet)|Be Connect  (Aterineto)|Be Connect(Internet)', 3, 'Be Connect Semaine|Be Connect Herinandro|Be Connect Semaine', 2, NULL, NULL, NULL, NULL, NULL, NULL, 3, NULL),
(16, 0, 1, 'DB06', 'Be connect 15Go', NULL, 1, NULL, NULL, NULL, NULL, NULL, NULL, 0, NULL, NULL, NULL, 0, NULL, NULL, NULL, NULL, 110000, 'TTC', '30j', 0, NULL, 0, NULL, 'Be connect (Internet)', 3, 'Be Connect(Internet)|Be Connect  (Aterineto)|Be Connect(Internet)', 3, 'Be Connect Mois|Be Connect Volana|Be Connect Mois', 3, NULL, NULL, NULL, NULL, NULL, NULL, 8, NULL),
(17, 0, 1, 'DB07', 'Be connect 10Mo', NULL, 1, NULL, NULL, NULL, NULL, NULL, NULL, 0, NULL, NULL, NULL, 0, NULL, NULL, NULL, NULL, 200, 'TTC', '1j', 0, NULL, 0, NULL, 'Be connect (Internet)', 3, 'Be Connect(Internet)|Be Connect  (Aterineto)|Be Connect(Internet)', 3, 'Be Connect Jour|Be Connect andro|Be Connect Jour', 1, NULL, NULL, NULL, NULL, NULL, NULL, 1, NULL),
(18, 0, 1, 'DB08', 'Be connect 2Go', NULL, 1, NULL, NULL, NULL, NULL, NULL, NULL, 0, NULL, NULL, NULL, 0, NULL, NULL, NULL, NULL, 12500, 'TTC', '7j', 0, NULL, 0, NULL, 'Be connect (Internet)', 3, 'Be Connect(Internet)|Be Connect  (Aterineto)|Be Connect(Internet)', 3, 'Be Connect Semaine|Be Connect Herinandro|Be Connect Semaine', 2, NULL, NULL, NULL, NULL, NULL, NULL, 5, NULL),
(19, 0, 1, 'DB14', 'Be connect 1Go', NULL, 1, NULL, NULL, NULL, NULL, NULL, NULL, 0, NULL, NULL, NULL, 0, NULL, NULL, NULL, NULL, 9000, 'TTC', '7j', 0, NULL, 0, NULL, 'Be connect (Internet)', 3, 'Be Connect(Internet)|Be Connect  (Aterineto)|Be Connect(Internet)', 3, 'Be Connect Semaine|Be Connect Herinandro|Be Connect Semaine', 2, NULL, NULL, NULL, NULL, NULL, NULL, 4, NULL),
(20, 0, 1, 'DB15', 'Be connect 50Go', NULL, 1, NULL, NULL, NULL, NULL, NULL, NULL, 0, NULL, NULL, NULL, 0, NULL, NULL, NULL, NULL, 275000, 'TTC', '60j', 0, NULL, 0, NULL, 'Be connect (Internet)', 3, 'Be Connect(Internet)|Be Connect  (Aterineto)|Be Connect(Internet)', 3, 'Be Connect Mois|Be Connect Volana|Be Connect Mois', 3, NULL, NULL, NULL, NULL, NULL, NULL, 9, NULL),
(21, 0, 1, 'DB17', 'Be connect 8Go', NULL, 1, NULL, NULL, NULL, NULL, NULL, NULL, 0, NULL, NULL, NULL, 0, NULL, NULL, NULL, NULL, 75000, 'TTC', '30j', 0, NULL, 0, NULL, 'Be connect (Internet)', 3, 'Be Connect(Internet)|Be Connect  (Aterineto)|Be Connect(Internet)', 3, 'Be Connect Mois|Be Connect Volana|Be Connect Mois', 3, NULL, NULL, NULL, NULL, NULL, NULL, 7, NULL),
(22, 0, 1, 'DB48', 'Be connect 3Go', NULL, 1, NULL, NULL, NULL, NULL, NULL, NULL, 0, NULL, NULL, NULL, 0, NULL, NULL, NULL, NULL, 30000, 'TTC', '30j', 0, NULL, 0, NULL, 'Be connect (Internet)', 3, 'Be Connect(Internet)|Be Connect  (Aterineto)|Be Connect(Internet)', 3, 'Be Connect Mois|Be Connect Volana|Be Connect Mois', 3, NULL, NULL, NULL, NULL, NULL, NULL, 6, NULL),
(23, 0, 1, 'FE01', 'Wanna 500', NULL, 1, NULL, NULL, NULL, NULL, NULL, NULL, 0, NULL, NULL, NULL, 0, NULL, NULL, NULL, 'Wanna 500Ar TTC: 6min et/ou 10SMS en national et/ou  30Mo. Bonus 6min vers n Famille et 10SMS vers Orange. Valable 24h|Wanna 500Ar TTC: 6min sy/na 10SMS @ tambazotra rehetra sy/na  30Mo. Kadoa 6min mankany @ num Famille sy 10SMS @ Orange. Faharetany 24 ora|Wanna 500Ar TTC: 6min et/ou 10SMS en national et/ou  30Mo. Bonus 6min vers n Famille et 10SMS vers Orange. Valable 24h\r\n', 500, 'TTC', '24h', 0, NULL, 0, NULL, 'Wanna (Voix/SMS/Internet)', 2, 'Wanna (Internet, appels, sms)|Wanna (Aterineto, antso, sms)|Wanna (Internet, appels, sms)', 2, '24h|24Ora|24h', 1, NULL, NULL, NULL, NULL, NULL, NULL, 1, NULL),
(24, 0, 1, 'FE02', 'Wanna 1000', NULL, 1, NULL, NULL, NULL, NULL, NULL, NULL, 0, NULL, NULL, NULL, 0, NULL, NULL, NULL, 'Wanna 1000Ar TTC: 13min et/ou 25SMS en national et/ou  60Mo. Bonus 13min vers n Famille et 25SMS vers Orange. Valable 24h|Wanna 1000Ar TTC: 13min sy/na 25SMS@ tamabazotra rehetra sy/na  60Mo. Kadoa 13min @ num Famille sy 25SMS @Orange. Faharetany 24 ora|Wanna 1000Ar TTC: 13min et/ou 25SMS en national et/ou  60Mo. Bonus 13min vers n Famille et 25SMS vers Orange. Valable 24h\",\r\n', 1000, 'TTC', '24h', 0, NULL, 0, NULL, 'Wanna (Voix/SMS/Internet)', 2, 'Wanna (Internet, appels, sms)|Wanna (Aterineto, antso, sms)|Wanna (Internet, appels, sms)', 2, '24h|24Ora|24h', 1, NULL, NULL, NULL, NULL, NULL, NULL, 2, NULL),
(25, 0, 1, 'FE03', 'Wanna 5000', NULL, 1, NULL, NULL, NULL, NULL, NULL, NULL, 0, NULL, NULL, NULL, 0, NULL, NULL, NULL, 'Wanna 5000Ar TTC: 60min et/ou 50SMS en national et/ou 300Mo. Bonus 60min vers n Famille et 50SMS vers Orange. Valable 7j|Wanna 5000Ar TTC: 60min sy/na 50SMS @ tambazotra rehetra sy/na 300Mo.Kadoa 60min @ num Famille sy 50SMS @ Orange. Faharetany 7 andro|Wanna 5000Ar TTC: 60min et/ou 50SMS en national et/ou 300Mo. Bonus 60min vers n Famille et 50SMS vers Orange. Valable 7j\r\n', 5000, 'TTC', '7j', 0, NULL, 0, NULL, 'Wanna (Voix/SMS/Internet)', 2, 'Wanna (Internet, appels, sms)|Wanna (Aterineto, antso, sms)|Wanna (Internet, appels, sms)', 2, '7jours|7andro|7jours', 2, NULL, NULL, NULL, NULL, NULL, NULL, 1, NULL),
(26, 0, 1, 'FE04', 'Wanna 7500', NULL, 1, NULL, NULL, NULL, NULL, NULL, NULL, 0, NULL, NULL, NULL, 0, NULL, NULL, NULL, 'Wanna 7500Ar TTC: 90min et/ou 100SMS en national et/ou  500Mo. Bonus 90min vers n Famille et 100SMS vers Orange. Valable  7j|Wanna 7500Ar TTC: 90min sy/na 100SMS @ tambazotra rehetra sy/na  500Mo. Bonus 90min @ num Famille sy 100SMS @ Orange. Faharetany 7 andro|Wanna 7500Ar TTC: 90min et/ou 100SMS en national et/ou  500Mo. Bonus 90min vers n Famille et 100SMS vers Orange. Valable  7\r\n', 7500, 'TTC', '7j', 0, NULL, 0, NULL, 'Wanna (Voix/SMS/Internet)', 2, 'Wanna (Internet, appels, sms)|Wanna (Aterineto, antso, sms)|Wanna (Internet, appels, sms)', 2, '7jours|7andro|7jours', 2, NULL, NULL, NULL, NULL, NULL, NULL, 2, NULL),
(27, 0, 1, 'FE05', 'Wanna 9500', NULL, 1, NULL, NULL, NULL, NULL, NULL, NULL, 0, NULL, NULL, NULL, 0, NULL, NULL, NULL, 'Wanna 9500 Ar TTC: 120min et/ou 200SMS en national et/ou 500Mo. Bonus120min vers n Famille et 200SMS vers Orange. Valable 30j|Wanna 9500 Ar TTC: 120min sy/ na 200SMS @ tambazotra rehetra sy/na/ 500Mo. Kadoa 120min @ num Famille  sy 200SMS @  Orange. Manankery 30 andro|Wanna 9500 Ar TTC: 120min et/ou 200SMS en national et/ou 500Mo. Bonus120min vers n Famille et 200SMS vers Orange. Valable 30j\r\n', 9500, 'TTC', '30j', 0, NULL, 0, NULL, 'Wanna (Voix/SMS/Internet)', 2, 'Wanna (Internet, appels, sms)|Wanna (Aterineto, antso, sms)|Wanna (Internet, appels, sms)', 2, '30jours|30andro|30jours', 3, NULL, NULL, NULL, NULL, NULL, NULL, 1, NULL),
(28, 0, 1, 'FE06', 'Wanna 45000', NULL, 1, NULL, NULL, NULL, NULL, NULL, NULL, 0, NULL, NULL, NULL, 0, NULL, NULL, NULL, 'Wanna 45 000Ar TTC: 10h et/ou 500SMS en national et/ou  3Go. Bonus 10h vers n Famille et 500 SMS vers Orange.Valable 30j|Wanna 45 000Ar TTC: 10h sy/na 500SMS@ tambazotra rehetra sy/na  3Go.Kadoa 10ora @ num Famille sy 500 SMS @Orange.Faharetany 30 andro|Wanna 45 000Ar TTC: 10h et/ou 500SMS en national et/ou  3Go. Bonus 10h vers n Famille et 500 SMS vers Orange.Valable 30j\r\n', 45000, 'TTC', '30j', 0, NULL, 0, NULL, 'Wanna (Voix/SMS/Internet)', 2, 'Wanna (Internet, appels, sms)|Wanna (Aterineto, antso, sms)|Wanna (Internet, appels, sms)', 2, '30jours|30andro|30jours', 3, NULL, NULL, NULL, NULL, NULL, NULL, 2, NULL),
(29, 0, 1, 'FE07', 'Wanna 95000', NULL, 1, NULL, NULL, NULL, NULL, NULL, NULL, 0, NULL, NULL, NULL, 0, NULL, NULL, NULL, 'Wanna 95 000Ar TTC: 23h et/ou 1000SMS en national et/ou  7Go. Bonus 23h vers n Famille et 1000SMS vers Orange.Valable  30j|Wanna 95 000Ar TTC: 23 ora sy/na 1000SMS@ tambazotra rehetra sy/na  7Go. Kadoa  23ora @ num Famille sy 1000SMS @Orange.Faharetany 30 andro|Wanna 95 000Ar TTC: 23h et/ou 1000SMS en national et/ou  7Go. Bonus 23h vers n Famille et 1000SMS vers Orange.Valable  30j\",\r\n', 95000, 'TTC', '30j', 0, NULL, 0, NULL, 'Wanna (Voix/SMS/Internet)', 2, 'Wanna (Internet, appels, sms)|Wanna (Aterineto, antso, sms)|Wanna (Internet, appels, sms)', 2, '30jours|30andro|30jours', 3, NULL, NULL, NULL, NULL, NULL, NULL, 3, NULL),
(30, 0, 1, 'FF01', 'Akama Go', NULL, 1, NULL, NULL, NULL, NULL, NULL, NULL, 0, NULL, NULL, NULL, 0, NULL, NULL, NULL, '20Mo de FB et 5 min d appel vers les numeros Famille de 21h a 6h. validite 24H. 100 Ar TTC|20Mo  FB sy antso  5 min @ num FAF manomboka @9 ora h@ 6 ora maraina. Faharetany 24 ora. 100 Ar TTC|20Mo de FB et 5 min d appel vers les numeros Famille de 21h a 6h. validite 24H. 100 Ar TTC', 100, 'TTC', '24h', 0, NULL, 0, NULL, 'Akama', 5, 'Reseaux Sociaux|Tambajotra sosialy|Social networks', 5, NULL, NULL, NULL, NULL, NULL, NULL, NULL, NULL, 1, NULL),
(31, 0, 0, 'FF03', 'Akama 3', NULL, 1, NULL, NULL, NULL, NULL, NULL, NULL, 0, NULL, NULL, NULL, 0, NULL, NULL, NULL, 'Akama 3: FB illimite et 30 Min d appel vers les numeros Famille de 21h a 6h. validite 3 jours. 450Ar TTC|Akama 3: FB tsy ankiato sy  antso 30 Min mankany @ nomerao familles @ 9 ora h@ 6ora maraina. Faharetany 3 andro. 450Ar TTC|Akama 3: FB illimite et 30 Min d appel vers les numeros Famille de 21h a 6h. validite 3 jours. 450Ar TTC\r\n', 450, 'TTC', '3j', 0, NULL, 0, NULL, 'Akama (Facebook)', 5, 'Reseaux Sociaux|Tambajotra sosialy|Social networks', 5, NULL, NULL, NULL, NULL, NULL, NULL, NULL, NULL, 2, NULL),
(32, 0, 1, 'NF07', 'Akama Plus', NULL, 1, NULL, NULL, NULL, NULL, NULL, NULL, 0, NULL, NULL, NULL, 0, NULL, NULL, NULL, 'FB 700Mo, 70SMS vers Orange et 90 Min d appel vers les numeros Famille de 21h a 6h. validite 7 jours. 950Ar TTC|FB 700Mo, 70SMS Orange sy  antso 90 Min mankany @ num FAF @ 9 ora h@ 6ora maraina. Faharetany 7 andro. 950Ar TTC|FB 700Mo, 70SMS vers Orange et 90 Min d appel vers les numeros Famille de 21h a 6h. validite 7 jours. 950Ar TTC', 1000, 'TTC', '7j', 0, NULL, 0, NULL, 'Akama', 5, 'Reseaux Sociaux|Tambajotra sosialy|Social networks', 5, NULL, NULL, NULL, NULL, NULL, NULL, NULL, NULL, 3, NULL),
(33, 0, 1, 'FN', 'Wanna Night', NULL, 1, NULL, NULL, NULL, NULL, NULL, NULL, 0, NULL, NULL, NULL, 0, NULL, NULL, NULL, 'Wanna Night 400Ar: 120min vers n Famille et/ou 20Mo. Bonus 20 SMS vers n Famille. Utilisable de 22h a 06h00 valable 24h|Wanna Night 400Ar:  120min @ num FAF sy/na 20Mo. Kadoa 20 SMS @ num Famille. Ampiasaina @ 10 ora alina h@  06 ora maraina. Faharetany 24 ora |Wanna Night 400Ar: 120min vers n Famille et/ou 20Mo. Bonus 20 SMS vers n Famille. Utilisable de 22h a 06h00 valable 24h\r\n', 400, 'TTC', '24h', 0, NULL, 0, NULL, 'Wanna (Voix/SMS/Internet)', 2, 'Wanna (Internet, appels, sms)|Wanna (Aterineto, antso, sms)|Wanna (Internet, appels, sms)', 2, '24h|24Ora|24h', 1, NULL, NULL, NULL, NULL, NULL, NULL, 3, NULL),
(34, 0, 1, 'MB10', 'Madabooky 15Mo', NULL, 0, NULL, NULL, NULL, NULL, NULL, NULL, 0, NULL, NULL, NULL, 0, NULL, NULL, NULL, NULL, 200, 'TTC', '24h', 0, NULL, 0, NULL, 'Madabooky (Contenu)', 8, 'Madabooky|Madabooky|Madabooky', 7, NULL, NULL, NULL, NULL, NULL, NULL, NULL, NULL, 1, NULL),
(35, 0, 1, 'MB11', 'Madabooky 30Mo', NULL, 0, NULL, NULL, NULL, NULL, NULL, NULL, 0, NULL, NULL, NULL, 0, NULL, NULL, NULL, NULL, 500, 'TTC', '24h', 0, NULL, 0, NULL, 'Madabooky (Contenu)', 8, 'Madabooky|Madabooky|Madabooky', 7, NULL, NULL, NULL, NULL, NULL, NULL, NULL, NULL, 2, NULL),
(36, 0, 1, 'MB12', 'Madabooky 100Mo', NULL, 0, NULL, NULL, NULL, NULL, NULL, NULL, 0, NULL, NULL, NULL, 0, NULL, NULL, NULL, NULL, 3000, 'TTC', '7j', 0, NULL, 0, NULL, 'Madabooky (Contenu)', 8, 'Madabooky|Madabooky|Madabooky', 7, NULL, NULL, NULL, NULL, NULL, NULL, NULL, NULL, 3, NULL),
(37, 0, 1, 'MB13', 'Madabooky 500Mo', NULL, 0, NULL, NULL, NULL, NULL, NULL, NULL, 0, NULL, NULL, NULL, 0, NULL, NULL, NULL, NULL, 9500, 'TTC', '30j', 0, NULL, 0, NULL, 'Madabooky (Contenu)', 8, 'Madabooky|Madabooky|Madabooky', 7, NULL, NULL, NULL, NULL, NULL, NULL, NULL, NULL, 4, NULL),
(38, 0, 1, 'MO01', 'Hello Monde 5', NULL, 1, NULL, NULL, NULL, NULL, NULL, NULL, 0, NULL, NULL, NULL, 0, NULL, NULL, NULL, 'Hello Monde 5. 2000Ar TTC. validite 24H. 5mn d appels vers France, USA, Canada, Belgique, La Reunion.|Hello Monde 5. 2000Ar TTC. Faharetany 24 ora.\r\nAntso 5mn mankany France, USA, Canada, Belgique, La Réunion.|Hello Monde 5. 2000Ar TTC. validite 24H. 5mn d appels vers France, USA, Canada, Belgique, La Reunion.\",\r\n', 2000, 'TTC', '24h', 0, NULL, 0, NULL, 'Hello Monde/Horizon (International)', 4, 'Appels & SMS Internationaux|Antso & SMS mankany ivelany|Appels & SMS Internationaux', 4, NULL, NULL, NULL, NULL, NULL, NULL, NULL, NULL, 1, NULL),
(39, 0, 1, 'MO02', 'Hello Monde 15', NULL, 1, NULL, NULL, NULL, NULL, NULL, NULL, 0, NULL, NULL, NULL, 0, NULL, NULL, NULL, 'Hello Monde 15. 5000Ar TTC. validite 24H. 15mn d appels vers France, USA, Canada, Belgique, La Reunion.|Hello Monde 15. 5000Ar TTC.  \r\nAntso1 15mn mankany  France, USA, Canada, Belgique, La Réunion.Faharetany 24 ora.|Hello Monde 15. 5000Ar TTC. validite 24H. 15mn d appels vers France, USA, Canada, Belgique, La Reunion.\r\n', 5000, 'TTC', '24h', 0, NULL, 0, NULL, 'Hello Monde/Horizon (International)', 4, 'Appels & SMS Internationaux|Antso & SMS mankany ivelany|Appels & SMS Internationaux', 4, NULL, NULL, NULL, NULL, NULL, NULL, NULL, NULL, 2, NULL),
(40, 0, 1, 'MO03', 'Hello Monde 40', NULL, 1, NULL, NULL, NULL, NULL, NULL, NULL, 0, NULL, NULL, NULL, 0, NULL, NULL, NULL, 'Hello Monde 40. 10000Ar TTC. validite 24H. 40mn d appels vers France, USA, Canada, Belgique, La Reunion.|Hello Monde 40. 10000Ar TTC.x\r\nAntso 40mn mankany  France, USA, Canada, Belgique, La Réunion. Faharetany 24 ora.|Hello Monde 40. 10000Ar TTC. validite 24H. 40mn d appels vers France, USA, Canada, Belgique, La Reunion.\r\n', 10000, 'TTC', '24h', 0, NULL, 0, NULL, 'Hello Monde/Horizon (International)', 4, 'Appels & SMS Internationaux|Antso & SMS mankany ivelany|Appels & SMS Internationaux', 4, NULL, NULL, NULL, NULL, NULL, NULL, NULL, NULL, 3, NULL),
(41, 0, 1, 'MO04', 'Hello Horizon 5', NULL, 0, NULL, NULL, NULL, NULL, NULL, NULL, 0, NULL, NULL, NULL, 0, NULL, NULL, NULL, 'Hello Horizon 5. 3500Ar TTC. validite 24H vers l Italie, Maurice et les Emirats Arabes Unis (sauf vers Italie Mob Intermatica)|Hello Horizon 5. 3500Ar TTC.Antso 5 mn mankany Italie, Maurice sy ireo Emirats Arabes Unis (ankoatra ny  Italie Mob Intermatica). Faharetany 24 ora . |Hello Horizon 5. 3500Ar TTC. validite 24H vers l Italie, Maurice et les Emirats Arabes Unis (sauf vers Italie Mob Intermatica)\r\n ', 3500, 'TTC', '24h', 0, NULL, 0, NULL, 'Hello Monde/Horizon (International)', 4, 'Appels & SMS Internationaux|Antso & SMS mankany ivelany|Appels & SMS Internationaux', 4, NULL, NULL, NULL, NULL, NULL, NULL, NULL, NULL, 4, NULL),
(42, 0, 1, 'MO05', 'Hello Horizon 15', NULL, 0, NULL, NULL, NULL, NULL, NULL, NULL, 0, NULL, NULL, NULL, 0, NULL, NULL, NULL, 'Hello Horizon 15. 9500Ar TTC. validite 24H vers l Italie, Maurice et les Emirats Arabes Unis (sauf vers Italie Mob Intermatica)|Hello Horizon 15. 9500Ar TTC. Antso  15 mn mankany  IItalie, Maurice  sy ireo Emirats Arabes Unis (ankoatra ny  Italie Mob Intermatica). Faharetany 24 ora.|Hello Horizon 15. 9500Ar TTC. validite 24H vers l Italie, Maurice et les Emirats Arabes Unis (sauf vers Italie Mob Intermatica)\r\n', 9500, 'TTC', '24h', 0, NULL, 0, NULL, 'Hello Monde/Horizon (International)', 4, 'Appels & SMS Internationaux|Antso & SMS mankany ivelany|Appels & SMS Internationaux', 4, NULL, NULL, NULL, NULL, NULL, NULL, NULL, NULL, 5, NULL),
(43, 1, 1, 'RB', 'Orange France, Réunion-Mayotte, Orange Maurice, Vodacom Afrique Du Sud, Cell-C Afrique Du Sud', NULL, 0, NULL, NULL, NULL, NULL, NULL, NULL, 0, NULL, NULL, NULL, 0, NULL, NULL, NULL, NULL, 60000, 'TTC', '30j', 0, NULL, 0, NULL, 'Pass Voyage (Roaming)', 7, 'exclude', -1, NULL, NULL, NULL, NULL, NULL, NULL, NULL, NULL, -1, NULL),
(44, 0, 1, 'YS01', 'e-Books 10Mo', NULL, 0, NULL, NULL, NULL, NULL, NULL, NULL, 0, NULL, NULL, NULL, 0, NULL, NULL, NULL, 'e-Books 10Mo vous permet de beneficier de 10Mo pour accôrder et lire des livres sur la accôrder numerique Youscribe valable\r\n pendant 1 jour. Prix 200 Ar TTC.|e-Books10Mo ahazoanao  10Mo  ahafahana mijery boky ao @  bibliothèque numérique Youscribe \r\n manankery 1 andro. Sarany 200 Ar TTC.|e-Books 10Mo vous permet de beneficier de 10Mo pour accôrder et lire des livres sur la accôrder numerique Youscribe valable\r\npendant 1 jour. Prix 200 Ar TTC.\r\n', 200, 'TTC', '1j', 0, NULL, 0, NULL, 'E-books (contenu)', 9, 'e-Books|e-Books|e-Books', 8, NULL, NULL, NULL, NULL, NULL, NULL, NULL, NULL, 1, NULL),
(45, 0, 1, 'YS02', 'e-Books 50Mo', NULL, 0, NULL, NULL, NULL, NULL, NULL, NULL, 0, NULL, NULL, NULL, 0, NULL, NULL, NULL, 'e-Books 50Mo vous permet de beneficier de 50Mo pour accôrder et lire des livres sur la accôrder \r\n numerique Youscribe valable pendant 1 jour. Prix 1 000 Ar TTC.|e-Books 50Mo  ahazoanao 50Mo ahafahana mijery boky ao @   bibliothèque numérique Youscribe.\r\n Faharetany 1 andro.Sarany  1 000 Ar TTC.|e-Books 50Mo vous permet de beneficier de 50Mo pour accôrder et lire des livres sur la accôrder \r\n numerique Youscribe valable pendant 1 jour. Prix 1 000 Ar TTC.\r\n', 1000, 'TTC', '1j', 0, NULL, 0, NULL, 'E-books (contenu)', 9, 'e-Books|e-Books|e-Books', 8, NULL, NULL, NULL, NULL, NULL, NULL, NULL, NULL, 2, NULL),
(46, 0, 1, 'YS03', 'e-Books 100Mo', NULL, 0, NULL, NULL, NULL, NULL, NULL, NULL, 0, NULL, NULL, NULL, 0, NULL, NULL, NULL, 'e-Books 100Mo vous permet de beneficier de 100Mo pour accôrder et lire des livres sur la accôrder numerique Youscribe \r\nvalable pendant 7 jours. Prix 3 000 Ar TTC.|e-Books 100Mo ahazoanao 100Mo ahafahana mijery boky  ao @  bibliothèque numérique Youscribe.\r\nFaharetany 7 andro. Sarany 3 000 Ar TTC.|e-Books 100Mo vous permet de beneficier de 100Mo pour accôrder et lire des livres sur la accôrder numerique Youscribe \r\nvalable pendant 7 jours. Prix 3 000 Ar TTC.\r\n', 3000, 'TTC', '7j', 0, NULL, 0, NULL, 'E-books (contenu)', 9, 'e-Books|e-Books|e-Books', 8, NULL, NULL, NULL, NULL, NULL, NULL, NULL, NULL, 3, NULL),
(47, 0, 1, 'YS04', 'e-Books 500Mo', NULL, 0, NULL, NULL, NULL, NULL, NULL, NULL, 0, NULL, NULL, NULL, 0, NULL, NULL, NULL, 'e-Books 500Mo vous permet de beneficier de 500Mo pour accôrder et lire des livres sur la accôrder numerique Youscribe \r\n valable pendant 7 jours. Prix 9 000 Ar TTC.|e-Books 500Mo ahazoanao 500Mo ahafahana mijery boky ao @  bibliothèque numérique Youscribe.\r\n Faharetany 7 andro. Sarany 9 000 Ar TTC.|e-Books 500Mo vous permet de beneficier de 500Mo pour accôrder et lire des livres sur la accôrder numerique Youscribe \r\n valable pendant 7 jours. Prix 9 000 Ar TTC.\r\n ', 9000, 'TTC', '7j', 0, NULL, 0, NULL, 'E-books (contenu)', 9, 'e-Books|e-Books|e-Books', 8, NULL, NULL, NULL, NULL, NULL, NULL, NULL, NULL, 4, NULL),
(48, 0, 1, 'YS05', 'e-Books 1Go', NULL, 0, NULL, NULL, NULL, NULL, NULL, NULL, 0, NULL, NULL, NULL, 0, NULL, NULL, NULL, 'e-Books 1Go vous permet de beneficier de 1Go pour accôrder et lire des livres sur la accôrder numerique Youscribe valable \r\n pendant 7 jours. Prix 12 500 Ar TTC.|e-Books 1Go ahazoanao  1Go ahafahana mijery boky ao @  bibliothèque numérique Youscribe.\r\n Faharetany   7 andro. Sarany 12 500 Ar TTC.|e-Books 1Go vous permet de beneficier de 1Go pour accôrder et lire des livres sur la accôrder numerique Youscribe valable \r\n pendant 7 jours. Prix 12 500 Ar TTC.\r\n', 12500, 'TTC', '7j', 0, NULL, 0, NULL, 'E-books (contenu)', 9, 'e-Books|e-Books|e-Books', 8, NULL, NULL, NULL, NULL, NULL, NULL, NULL, NULL, 5, NULL),
(49, 0, 1, 'YS06', 'e-Books 2Go', NULL, 0, NULL, NULL, NULL, NULL, NULL, NULL, 0, NULL, NULL, NULL, 0, NULL, NULL, NULL, 'e-Books 2Go vous permet de beneficier de 2Go pour accôrder et lire des livres sur la accôrder numerique \r\n Youscribe valable pendant 30 jours. Prix 30 000 Ar TTC.|e-Books 2Go ahazoanao  2Go ahafahana mijery boky ao @  bibliothèque numérique Youscrib.\r\n Faharetany 30 andro. Sarany  30 000 Ar TTC.|e-Books 2Go vous permet de beneficier de 2Go pour accôrder et lire des livres sur la accôrder numerique \r\nYouscribe valable pendant 30 jours. Prix 30 000 Ar TTC.\r\n', 30000, 'TTC', '30j', 0, NULL, 0, NULL, 'E-books (contenu)', 9, 'e-Books|e-Books|e-Books', 8, NULL, NULL, NULL, NULL, NULL, NULL, NULL, NULL, 6, NULL),
(50, 0, 1, 'YT', 'Be connect 100Mo', NULL, 1, NULL, NULL, NULL, NULL, NULL, NULL, 0, NULL, NULL, NULL, 0, NULL, NULL, NULL, NULL, 1000, 'TTC', '1j', 0, NULL, 0, NULL, 'Be connect (Internet)', 3, 'Be Connect(Internet)|Be Connect  (Aterineto)|Be Connect(Internet)', 3, 'Be Connect Jour|Be Connect andro|Be Connect Jour', 1, NULL, NULL, NULL, NULL, NULL, NULL, 2, NULL),
(51, 1, 1, 'FR', '25min d\'emission et de reception d\'appel + 15 mins + 15 sms valable 2 jours|25min d\'emission et de reception d\'appel + 15 mins + 15 sms valable 2 jours h|25min of call sending and receiving + 15 mins + 15 text messages valid for 48 hours', NULL, 0, NULL, NULL, NULL, NULL, NULL, NULL, 0, NULL, NULL, NULL, 0, NULL, NULL, NULL, NULL, 40000, 'TTC', '48h||48 hours', 0, NULL, 0, NULL, 'Pass Voyage (Roaming)', 7, 'Roaming |Roaming |Roaming ', 6, 'Les Forfaits Appels et SMS|Les Forfaits Appels et SMS|Calls and SMS packages', 2, 'Forfait Appels et SMS Pass Voyage Orange|Forfait Appels et SMS Pass Voyage Orange|Buy an Orange Travel Pass Call and SMS Package', -3, NULL, NULL, NULL, NULL, 1, NULL),
(52, 0, 1, 'BE03', 'Be 2000', NULL, 1, NULL, NULL, NULL, NULL, NULL, NULL, 0, NULL, NULL, NULL, 0, NULL, NULL, NULL, 'Be 2000Ar TTC: 51min(0,65Ar/s) vers Orange et/ou 8,3min(4Ar/s) vers autres operateurs, 100SMS vers Orange. Valable 3 jours|Be 2000Ar TTC: 51min(0,65Ar/s) @ Orange sy/na 8,3min(4Ar/s)@ tambazotra rehetra, 100SMS @Orange. . Faharetany 3andro|Be 2000Ar TTC: 51min(0,65Ar/s) vers Orange et/ou 8,3min(4Ar/s) vers autres operateurs, 100SMS vers Orange. Valable 3 jours\r\n', 2000, 'TTC', '3j', 0, NULL, 0, NULL, 'Be (Voix/SMS)', 1, 'Be (Appels & SMS)|Be (Antso & SMS)|Be (Appels & SMS)', 1, '3 a 7jours|3 h@ 7andro|3 a 7jours', 2, NULL, NULL, NULL, NULL, NULL, NULL, 1, NULL),
(53, 0, 1, 'IF01', 'Akama Up', NULL, 0, NULL, NULL, NULL, NULL, NULL, NULL, 0, NULL, NULL, NULL, 0, NULL, NULL, NULL, '1Go de Facebook, Messenger et Instagram + 60 minutes vers vos numeros Famille. Prix 500 Ar TTC. Validite 3 jours|1Go Facebook, Messenger ary Instagram + 60 min @ nomerao Famille. Sarany: 500 Ar TTC. Faharetany 3 andro.|1Go de Facebook, Messenger et Instagram + 60 minutes vers vos numeros Famille. Prix 500 Ar TTC. Validite 3 jours.\r\n', 500, 'TTC', '3j', 0, NULL, 0, NULL, 'Akama', 6, 'Reseaux Sociaux|Tambajotra sosialy|Social networks', 5, NULL, NULL, NULL, NULL, NULL, NULL, NULL, NULL, 5, NULL),
(54, 0, 1, 'AM', 'Maxi', NULL, 0, NULL, NULL, NULL, NULL, NULL, NULL, 0, NULL, NULL, NULL, 0, NULL, NULL, NULL, 'Maxi: 30min vers Allowa, 25sms vers Orange, 20Mo, pour 650 Ar.Valable 24H.|Maxi: 30min @ Allowa, 25sms @ Orange,20Mo,sarany 650Ar.faharetany 24 Ora|Maxi: 30min vers Allowa, 25sms vers Orange, 20mo, pour 650 Ar.Valable 24H.\r\n', 650, 'TTC', '1j', 0, NULL, 0, NULL, 'Maxi/Maxi+ (Allowa)', 6, 'Maxi|Maxi|Maxi', 0, NULL, NULL, NULL, NULL, NULL, NULL, NULL, NULL, 1, NULL),
(55, 0, 1, 'AN', 'Maxi+', NULL, 0, NULL, NULL, NULL, NULL, NULL, NULL, 0, NULL, NULL, NULL, 0, NULL, NULL, NULL, 'Maxi+: 1h vers Allowa, 50sms vers Orange, 50Mo, pour 1200 Ar.Valable 2j|Maxi+:1 Ora @Allowa, 50sms @ Orange,50Mo, Sarany 1200Ar|Maxi+: 1h vers Allowa, 50sms vers Orange, 50Mo, pour 1200 Ar.Valable 2j\r\n', 1200, 'TTC', '2j', 0, NULL, 0, NULL, 'Maxi/Maxi+ (Allowa)', 6, 'Maxi|Maxi|Maxi', 0, NULL, NULL, NULL, NULL, NULL, NULL, NULL, NULL, 2, NULL),
(56, 0, 1, 'PR03', 'Offre Pro 10000', NULL, 0, NULL, NULL, NULL, NULL, NULL, NULL, 0, NULL, NULL, NULL, 0, NULL, NULL, NULL, NULL, 10000, 'TTC', '30j', 0, NULL, 0, NULL, 'Pro 10000', -1, 'Offre Pro|Offre Pro|Offre Pro', 0, NULL, NULL, NULL, NULL, NULL, NULL, NULL, NULL, 1, NULL),
(57, 0, 1, 'CA', 'Voix Flotte 1h|Voix Flotte 1h|1h to fleet', NULL, 0, NULL, NULL, NULL, NULL, NULL, NULL, 0, NULL, NULL, NULL, 0, NULL, NULL, NULL, 'Le Forfait Corporate Voix vers Flotte 1h vous permet de bénéficier des appels pendant 60mn vers tous les numéros de votre Flotte à un tarif de 0,85ArTTC/scde, moins cher que le tarif de vos appels hors forfait. Vous pouvez y accéder si vous avez payé les frais  de souscription mensuels à l\'offre Corporate Prépayé. Tarif de souscription à Corporate Voix vers Flotte 1h: 4 800ArTTC . Validité : 30 jours. Tarif de resouscription à Corporate Prépayé : 17 000ArTTC. Validité : 30 jours. Pour resouscrire, choisissez \\\"Resouscrire\\\" dans le menu principal.\r\n', 3060, 'TTC', '30j||30 days', 0, NULL, 0, NULL, 'Corporate Voix', 1, 'Forfaits Corporate Voix|Forfaits Corporate Voix|Purchase voice package', 1, 'Voix vers Flotte|Voix vers Flotte|Fleet calls', 1, NULL, NULL, NULL, NULL, NULL, NULL, 1, NULL),
(58, 0, 1, 'CB', 'Voix Flotte 3h|Voix Flotte 3h|3h to fleet', NULL, 0, NULL, NULL, NULL, NULL, NULL, NULL, 0, NULL, NULL, NULL, 0, NULL, NULL, NULL, 'Le Forfait Corporate Voix vers Flotte 3h vous permet de beneficier des appels pendant 180mn vers tous les numeros de votre Flotte a un tarif de 1,31ArTTC/scde, moins cher que le tarif de vos appels hors forfait. Vous pouvez y accôrder si vous avez paye les frais de souscription mensuels a l offre Corporate Prepaye. Tarif de souscription a Corporate Voix vers Flotte 3h: 14 200ArTTC. validite : 30 jours.Tarif de resouscription a Corporate Prepaye : 17 000ArTTC. validite : 30 jours. Pour resouscrire, choisissez  Resouscrire  dans le menu principal.\r\n', 8802, 'TTC', '30j||30 days', 0, NULL, 0, NULL, 'Corporate Voix', 1, 'Forfaits Corporate Voix|Forfaits Corporate Voix|Purchase voice package', 1, 'Voix vers Flotte|Voix vers Flotte|Fleet calls', 1, NULL, NULL, NULL, NULL, NULL, NULL, 3, NULL),
(59, 0, 1, 'CC', 'Voix Flotte 5h|Voix Flotte 5h|5h to fleet', NULL, 0, NULL, NULL, NULL, NULL, NULL, NULL, 0, NULL, NULL, NULL, 0, NULL, NULL, NULL, 'Le Forfait Corporate Voix vers Flotte 5h vous permet de beneficier des appels pendant 300mn vers tous les numeros de votre Flotte a un tarif de 1,28ArTTC/scde, moins cher que le tarif de vos appels hors forfait. Vous pouvez y accôrder si vous avez paye les frais de souscription mensuels a l offre Corporate Prepaye.Tarif de souscription a Corporate Voix vers Flotte 5h: 23 000ArTTC. validite : 30 jour.Tarif de resouscription a Corporate Prepaye : 17 000ArTTC. validite : 30 jours.Pour resouscrire, choisissez  Resouscrire  dans le menu principal.', 14010, 'TTC', '30j||30 days', 0, NULL, 0, NULL, 'Corporate Voix', 1, 'Forfaits Corporate Voix|Forfaits Corporate Voix|Purchase voice package', 1, 'Voix vers Flotte|Voix vers Flotte|Fleet calls', 1, NULL, NULL, NULL, NULL, NULL, NULL, 4, NULL),
(60, 0, 1, 'CD', 'Voix Flotte 10h|Voix Flotte 10h|10h to fleet', NULL, 0, NULL, NULL, NULL, NULL, NULL, NULL, 0, NULL, NULL, NULL, 0, NULL, NULL, NULL, 'Le Forfait Corporate Voix vers Flotte 10h vous permet de beneficier des appels pendant 600mn vers tous les numeros de votre Flotte a un tarif de 1,26ArTTC/scde, moins cher que le tarif de vos appels hors forfait. Vous pouvez y accôrder si vous avez  paye les frais de souscription mensuels a l offre Corporate Prepaye.Tarif de souscription a Corporate Voix vers Flotte 10h: 45 300ArTTC. validite : 30 jours.Tarif de resouscription a Corporate Prepaye : 17 000ArTTC. validite : 30 jours. Pour resouscrire, choisissez  Resouscrire  dans le menu principal.\r\n', 25200, 'TTC', '30j||30 days', 0, NULL, 0, NULL, 'Corporate Voix', 1, 'Forfaits Corporate Voix|Forfaits Corporate Voix|Purchase voice package', 1, 'Voix vers Flotte|Voix vers Flotte|Fleet calls', 1, NULL, NULL, NULL, NULL, NULL, NULL, 5, NULL),
(61, 0, 1, 'CE', 'Voix Orange 1h|Voix Orange 1h|1h to Orange', NULL, 0, NULL, NULL, NULL, NULL, NULL, NULL, 0, NULL, NULL, NULL, 0, NULL, NULL, NULL, 'Le Forfait Corporate Voix vers Orange 1h vous permet de beneficier des appels pendant 60mn vers tous les numeros Orange a un tarif de 1,61ArTTC/scde, moins cher que le tarif de vos appels hors forfait. Vous pouvez y accôrder si vous avez paye les frais de souscription mensuels a l offre Corporate Prepaye.Tarif de souscription a Corporate Voix vers Orange 1h: 5 800ArTTC. validite : 30 jours.Tarif de resouscription a Corporate Prepaye : 17 000ArTTC. validite : 30 jours. Pour resouscrire, choisissez  Resouscrire  dans le menu principal.\r\n', 3600, 'TTC', '30j||30 days', 0, NULL, 0, NULL, 'Corporate Voix', 1, 'Forfaits Corporate Voix|Forfaits Corporate Voix|Purchase voice package', 1, 'Voix vers Orange|Voix vers Orange|Orange calls', 2, NULL, NULL, NULL, NULL, NULL, NULL, 1, NULL),
(62, 0, 1, 'CF', 'Voix Orange 3h|Voix Orange 3h|3h to Orange', NULL, 0, NULL, NULL, NULL, NULL, NULL, NULL, 0, NULL, NULL, NULL, 0, NULL, NULL, NULL, 'Le Forfait Corporate Voix vers Orange 3h vous permet de beneficier des appels pendant 180mn vers tous les numeros Orange a un tarif de 1,56ArTTC/scde, moins cher que le tarif de vos appels hors forfait. Vous pouvez y accôrder si vous avez paye les frais de souscription mensuels a l offre Corporate Prepaye.Tarif de souscription a Corporate Voix vers Orange 3h : 16 900ArTTC. validite : 30 jours. Tarif de resouscription a Corporate Prepaye : 17 000ArTTC. validite : 30 jours.  Pour resouscrire, choisissez  Resouscrire  dans le menu principal.\r\n', 10260, 'TTC', '30j||30 days', 0, NULL, 0, NULL, 'Corporate Voix', 1, 'Forfaits Corporate Voix|Forfaits Corporate Voix|Purchase voice package', 1, 'Voix vers Orange|Voix vers Orange|Orange calls', 2, NULL, NULL, NULL, NULL, NULL, NULL, 2, NULL),
(63, 0, 1, 'CG', 'Voix Orange 5h|Voix Orange 5h|5h to Orange', NULL, 0, NULL, NULL, NULL, NULL, NULL, NULL, 0, NULL, NULL, NULL, 0, NULL, NULL, NULL, 'Le Forfait Corporate Voix vers Orange 5h vous permet de beneficier des appels pendant 300mn vers tous les numeros Orangea un tarif de 1,57ArTTC/scde, moins cher que le tarif de vos appels hors forfait. Vous pouvez y accôrder si vous avez paye  les frais de souscription mensuels a l offre Corporate Prepaye. Tarif de souscription a Corporate Voix vers Orange 5h: 28 400ArTTC.  validite : 30 jours.Tarif de resouscription a Corporate Prepaye : 17 000ArTTC. validite : 30 jours.  Pour resouscrire, choisissez  Resouscrire  dans le menu principal.\r\n', 16200, 'TTC', '30j||30 days', 0, NULL, 0, NULL, 'Corporate Voix', 1, 'Forfaits Corporate Voix|Forfaits Corporate Voix|Purchase voice package', 1, 'Voix vers Orange|Voix vers Orange|Orange calls', 2, NULL, NULL, NULL, NULL, NULL, NULL, 3, NULL),
(64, 0, 1, 'CH', 'Voix Orange 10h|Voix Orange 10h|10h to Orange', NULL, 0, NULL, NULL, NULL, NULL, NULL, NULL, 0, NULL, NULL, NULL, 0, NULL, NULL, NULL, 'Le Forfait Corporate Voix vers Orange 10h vous permet de beneficier des appels pendant 600mn vers tous les numeros Orange a un tarif de 1,54ArTTC/scde, moins cher que le tarif de vos appels hors forfait. Vous pouvez Y accôrder si vous avez  paye les frais de souscription mensuels a l offre Corporate Prepaye.Tarif de souscription a Corporate Voix vers Orange 10h : 55 400ArTTC. validite : 30 jours. Tarif de resouscription a Corporate Prepaye : 17 000ArTTC. validite : 30 jours. Pour resouscrire, choisissez  Resouscrire  dans le menu principal.\r\n', 30600, 'TTC', '30j||30 days', 0, NULL, 0, NULL, 'Corporate Voix', 1, 'Forfaits Corporate Voix|Forfaits Corporate Voix|Purchase voice package', 1, 'Voix vers Orange|Voix vers Orange|Orange calls', 2, NULL, NULL, NULL, NULL, NULL, NULL, 4, NULL),
(65, 0, 1, 'CL', 'Voix Tout Operateur 10h|Voix Tout Operateur 10h|10h to National', NULL, 0, NULL, NULL, NULL, NULL, NULL, NULL, 0, NULL, NULL, NULL, 0, NULL, NULL, NULL, 'Le Forfait Corporate Voix vers Tout Operateur  10h vous permet de beneficier des appels pendant 600mn vers tous les numeros tous les numeros de tous les operateurs a Madagascar a un tarif de 3,66ArTTC/scde, moins cher que le tarif de vos appels hors forfait.  Vous pouvez Y accôrder si vous avez paye les frais de souscription mensuels a l offre Corporate Prepaye.  Tarif de souscription : 131 900ArTTC. validite : 30 jours.\r\n\r\n', 131900, 'TTC', NULL, 0, NULL, 0, NULL, 'Corporate Voix', 1, 'Forfaits Corporate Voix|Forfaits Corporate Voix|Purchase voice package', 1, 'Voix vers Tout Operateur|Voix vers Tout Operateur|National calls', 3, NULL, NULL, NULL, NULL, NULL, NULL, 6, NULL),
(66, 0, 1, 'CI', 'Voix Tout Operateur 1h|Voix Tout Operateur 1h|1h to National', NULL, 0, NULL, NULL, NULL, NULL, NULL, NULL, 0, NULL, NULL, NULL, 0, NULL, NULL, NULL, 'Le Forfait Corporate Voix vers Tout Operateur  1h vous permet de beneficier des appels pendant 60mn vers tous les numeros de tous les operateurs a Madagascar a un tarif de 3,69ArTTC/scde, moins cher que le tarif de vos appels hors forfait. Vous pouvez Y accôrder si vous avez paye les frais de souscription mensuels a l offre Corporate Prepaye.Tarif de souscription a Corporate Voix vers Tout Operateur  1h: 13 300ArTTC. validite : 30 jours.Tarif de resouscription a Corporate Prepaye : 17 000ArTTC. validite : 30 jours. Pour resouscrire, choisissez  Resouscrire  dans le menu principal.', 11160, 'TTC', '30j||30 days', 0, NULL, 0, NULL, 'Corporate Voix', 1, 'Forfaits Corporate Voix|Forfaits Corporate Voix|Purchase voice package', 1, 'Voix vers Tout Operateur|Voix vers Tout Operateur|National calls', 3, NULL, NULL, NULL, NULL, NULL, NULL, 2, NULL),
(67, 0, 1, 'CJ', 'Voix Tout Operateur 3h|Voix Tout Operateur 3h|3h to National', NULL, 0, NULL, NULL, NULL, NULL, NULL, NULL, 0, NULL, NULL, NULL, 0, NULL, NULL, NULL, 'Le Forfait Corporate Voix vers Tout Operateur  3h vous permet de beneficier des appels pendant 180mn vers tous les numeros  tous les numeros de tous les operateurs a Madagascar a un tarif de 3,69ArTTC/scde, moins cher que le tarif de vos appels hors forfait. Vous pouvez Y accôrder si vous avez paye les frais de souscription mensuels a l offre Corporate Prepaye.\\nTarif de souscription a Corporate Voix vers Tout Operateur  3h: 39 900ArTTC. validite : 30 jours. Tarif de resouscription a Corporate Prepaye : 17 000ArTTC. validite : 30 jours. Pour resouscrire, choisissez  Resouscrire  dans le menu principal.\r\n', 32940, 'TTC', '30j||30 days', 0, NULL, 0, NULL, 'Corporate Voix', 1, 'Forfaits Corporate Voix|Forfaits Corporate Voix|Purchase voice package', 1, 'Voix vers Tout Operateur|Voix vers Tout Operateur|National calls', 3, NULL, NULL, NULL, NULL, NULL, NULL, 4, NULL),
(68, 0, 1, 'CK', 'Voix Tout Operateur 5h|Voix Tout Operateur 5h|5h to National', NULL, 0, NULL, NULL, NULL, NULL, NULL, NULL, 0, NULL, NULL, NULL, 0, NULL, NULL, NULL, 'Le Forfait Corporate Voix vers Tout Operateur  5h vous permet de beneficier des appels pendant 300mn vers tous les numeros  tous les numeros de tous les operateurs a Madagascar a un tarif de 3,67ArTTC/scde, moins cher que le tarif de vos appels hors forfait. Vous pouvez Y accôrder si vous avez paye les frais de souscription mensuels a l offre Corporate Prepaye.\\nTarif de souscription Corporate Voix vers Tout Operateur  5h : 66 200ArTTC. validite : 30 jours. Tarif de resouscription a Corporate Prepaye : 17 000ArTTC. validite : 30 jours. Pour resouscrire, choisissez  Resouscrire  dans le menu principal.\\n\r\n  ', 54200, 'TTC', '30j||30 days', 0, NULL, 0, NULL, 'Corporate Voix', 1, 'Forfaits Corporate Voix|Forfaits Corporate Voix|Purchase voice package', 1, 'Voix vers Tout Operateur|Voix vers Tout Operateur|National calls', 3, NULL, NULL, NULL, NULL, NULL, NULL, 5, NULL),
(70, 0, 1, 'CM', 'Voix Chine 1h|Voix Chine 1h|1h China', NULL, 0, NULL, NULL, NULL, NULL, NULL, NULL, 0, NULL, NULL, NULL, 0, NULL, NULL, NULL, 'Le Forfait Corporate Voix vers Chine  1h vous permet de beneficier des appels pendant 60mn vers tous les numeros en Chine a un tarif de 2,78ArTTC/scde, moins cher que le tarif de vos appels hors forfait. Vous pouvez Y accôrder si vous avez paye les frais de souscription mensuels a l offre Corporate Prepaye. Tarif de souscription Corporate Voix vers Chine  1h : 10 000ArTTC.validite : 30 jours. Tarif de resouscription a Corporate Prepaye : 17 000ArTTC. validite : 30 jours. Pour resouscrire, choisissez  Resouscrire  dans le menu principal.\r\n', 10000, 'TTC', '30j||30 days', 0, NULL, 0, NULL, 'Corporate Voix', 1, 'Forfaits Corporate Voix|Forfaits Corporate Voix|Purchase voice package', 1, 'Voix vers International|Voix vers International|International calls', 4, NULL, NULL, NULL, NULL, NULL, NULL, 1, NULL),
(71, 0, 1, 'CN', 'Voix Inde 1h|Voix Inde 1h|1h India', NULL, 0, NULL, NULL, NULL, NULL, NULL, NULL, 0, NULL, NULL, NULL, 0, NULL, NULL, NULL, 'Le Forfait Corporate Voix vers Inde 1h vous permet de beneficier des appels pendant 60mn vers tous les numeros en Inde a un tarif de 2,78ArTTC/scde, moins cher que le tarif de vos appels hors forfait . Vous pouvez Y accôrder si vous avez paye les frais de souscription mensuels a l offre Corporate Prepaye. Tarif de souscription a Corporate Voix vers Inde 1h : 10 000ArTTC. validite : 30 jours. Tarif de resouscription a Corporate Prepaye : 17 000ArTTC. validite : 30 jours.  Pour resouscrire, choisissez  Resouscrire  dans le menu principal.\r\n', 10000, 'TTC', '30j||30 days', 0, NULL, 0, NULL, 'Corporate Voix', 1, 'Forfaits Corporate Voix|Forfaits Corporate Voix|Purchase voice package', 1, 'Voix vers International|Voix vers International|International calls', 4, NULL, NULL, NULL, NULL, NULL, NULL, 2, NULL),
(72, 0, 1, 'CP', '25 sms vers Flotte|25 sms vers Flotte|25sms to Fleet', NULL, 0, NULL, NULL, NULL, NULL, NULL, NULL, 0, NULL, NULL, NULL, 0, NULL, NULL, NULL, 'Le Forfait Corporate 25 sms vers Flotte vous permet de beneficier de 25 sms vers tous les numeros de votre Flotte a un tarif de 24ArTTC/sms.Vous pouvez Y accôrder si vous avez paye les frais de souscription mensuels a l offre Corporate Prepaye.Tarif de souscription a Corporate 25 sms vers Flotte: 600ArTTC. validite : 30 jours.Tarif de resouscription a Corporate Prepaye : 17 000ArTTC. validite : 30 jours.Pour resouscrire, choisissez  Resouscrire  dans le menu principal.\r\n', 125, 'TTC', '30j||30 days', 0, NULL, 0, NULL, 'Corporate SMS', 2, 'Forfaits Corporate SMS|Forfaits Corporate SMS|purchase SMS package', 2, 'SMS Vers Flotte|SMS Vers Flotte|SMS package to Fleet', 1, NULL, NULL, NULL, NULL, NULL, NULL, 1, NULL),
(73, 0, 1, 'CQ', '250 sms vers Flotte|250 sms vers Flotte|250sms to fleet', NULL, 0, NULL, NULL, NULL, NULL, NULL, NULL, 0, NULL, NULL, NULL, 0, NULL, NULL, NULL, 'Le Forfait Corporate 250 sms vers Flotte vous permet de beneficier de 250 sms vers tous les numeros de votre Flotte a un tarif de 20ArTTC/sms.Vous pouvez Y accôrder si vous avez paye les frais de souscription mensuels a l offre Corporate Prepaye.Tarif de souscription a Corporate 250 sms vers Flotte: 5 000ArTTC. validite : 30 jours.Tarif de rsouscription a Corporate Prepaye : 17 000ArTTC. validite : 30 jours. Pour resouscrire, choisissez  Resouscrire  dans le menu principal.\r\n', 1000, 'TTC', '30j||30 days', 0, NULL, 0, NULL, 'Corporate SMS', 2, 'Forfaits Corporate SMS|Forfaits Corporate SMS|purchase SMS package', 2, 'SMS Vers Flotte|SMS Vers Flotte|SMS package to Fleet', 1, NULL, NULL, NULL, NULL, NULL, NULL, 2, NULL),
(74, 0, 1, 'CR', '500 sms vers Flotte|500 sms vers Flotte|500sms to fleet', NULL, 0, NULL, NULL, NULL, NULL, NULL, NULL, 0, NULL, NULL, NULL, 0, NULL, NULL, NULL, 'Le Forfait Corporate 500 sms vers Flotte vous permet de beneficier de 500 sms vers tous les numeros de votre Flotte a un tarif de 16,2ArTTC/sms.Vous pouvez Y accôrder si vous avez paye les frais de souscription mensuels a l offre Corporate Prepaye.\\nTarif de souscription a Corporate 500 sms vers Flotte: 8 100ArTTC. validite : 30 jours.Tarif de resouscription a Corporate Prepaye : 17 000ArTTC. validite : 30 jours.Pour resouscrire, choisissez  Resouscrire  dans le menu principal.', 1500, 'TTC', '30j||30 days', 0, NULL, 0, NULL, 'Corporate SMS', 2, 'Forfaits Corporate SMS|Forfaits Corporate SMS|purchase SMS package', 2, 'SMS Vers Flotte|SMS Vers Flotte|SMS package to Fleet', 1, NULL, NULL, NULL, NULL, NULL, NULL, 3, NULL);
INSERT INTO `bundle` (`idbundle`, `isroaming`, `isActive`, `refill`, `nom`, `refillinjection`, `isBuyableForOther`, `refillfwd`, `refillapi`, `refilllms`, `refillmypos`, `chargingindicator`, `chargingindicatorom`, `isautorenewable`, `pamclass`, `pamservice`, `pamscheduled`, `isbuylimited`, `buymaximum`, `buyfrequency`, `accumulatorid`, `description`, `prix`, `taxe`, `validite`, `isBuyableByOM`, `refillom`, `isBuyableWithLanyCredit`, `refilllanycredit`, `groups`, `grouprank`, `groups1`, `groupsrank1`, `groups2`, `groupsrank2`, `groups3`, `groupsrank3`, `groups4`, `groupsrank4`, `groups5`, `groupsrank5`, `generalrank`, `commentaire`) VALUES
(75, 0, 1, 'CS', '25 sms vers Orange|25 sms vers Orange|25sms to Orange', NULL, 0, NULL, NULL, NULL, NULL, NULL, NULL, 0, NULL, NULL, NULL, 0, NULL, NULL, NULL, 'Le Forfait Corporate 25 sms vers Orange vous permet de beneficier de 25 sms vers tous les numeros Orange a un tarif de 64ArTTC/sms. Vous pouvez Y accôrder si vous avez paye les frais de souscription mensuels a l offre Corporate Prepaye.Tarif de souscription a Corporate 25 sms vers Orange: 1 600ArTTC. validite : 30 jours.Tarif de resouscription a Corporate Prepaye : 17 000ArTTC. validite : 30 jours. Pour resouscrire, choisissez  Resouscrire  dans le menu principal.', 250, 'TTC', '30j||30 days', 0, NULL, 0, NULL, 'Corporate SMS', 2, 'Forfaits Corporate SMS|Forfaits Corporate SMS|purchase SMS package', 2, 'SMS Vers Orange|SMS Vers Orange|SMS package to Orange', 2, NULL, NULL, NULL, NULL, NULL, NULL, 1, NULL),
(76, 0, 1, 'CT', '50 sms vers Orange|50 sms vers Orange|50sms to Orange\"', NULL, 0, NULL, NULL, NULL, NULL, NULL, NULL, 0, NULL, NULL, NULL, 0, NULL, NULL, NULL, 'Le Forfait Corporate 50 sms vers Orange vous permet de beneficier de 50 sms vers tous les numeros Orange a un tarif de 64ArTTC/sms. Vous pouvez Y accôrder si vous avez paye les frais de souscription mensuels a l offre Corporate Prepaye.Tarif de souscription a Corporate 50 sms vers Orange:  3 200ArTTC. validite : 30 jours.Tarif de resouscription a Corporate Prepaye : 17 000ArTTC. validite : 30 jours. Pour resouscrire, choisissez  Resouscrire  dans le menu principal.\r\n', 450, 'TTC', '30j||30 days', 0, NULL, 0, NULL, 'Corporate SMS', 2, 'Forfaits Corporate SMS|Forfaits Corporate SMS|purchase SMS package', 2, 'SMS Vers Orange|SMS Vers Orange|SMS package to Orange', 2, NULL, NULL, NULL, NULL, NULL, NULL, 2, NULL),
(77, 0, 1, 'CU', '100 sms vers Orange|100 sms vers Orange|100sms to orange', NULL, 0, NULL, NULL, NULL, NULL, NULL, NULL, 0, NULL, NULL, NULL, 0, NULL, NULL, NULL, 'Le Forfait Corporate 100 sms vers Orange vous permet de beneficier de 100 sms vers tous les numeros Orange a un tarif de 60ArTTC/sms. Vous pouvez Y accôrder si vous avez paye les frais de souscription mensuels a l offre Corporate Prepaye.Tarif de souscription a Corporate 100 sms vers Orange:  6 000ArTTC. validite : 30 jours.Tarif de resouscription a Corporate Prepaye : 17 000ArTTC. validite : 30 jours. Pour resouscrire, choisissez  Resouscrire  dans le menu principal.\r\n', 800, 'TTC', '30j||30 days', 0, NULL, 0, NULL, 'Corporate SMS', 2, 'Forfaits Corporate SMS|Forfaits Corporate SMS|purchase SMS package', 2, 'SMS Vers Orange|SMS Vers Orange|SMS package to Orange', 2, NULL, NULL, NULL, NULL, NULL, NULL, 3, NULL),
(78, 0, 1, 'CV', '300 sms vers Orange|300 sms vers Orange|300sms to Orange', NULL, 0, NULL, NULL, NULL, NULL, NULL, NULL, 0, NULL, NULL, NULL, 0, NULL, NULL, NULL, 'Le Forfait Corporate 300 sms vers Orange vous permet de beneficier de 300 sms vers tous les numeros Orange a un tarif de 63ArTTC/sms. Vous pouvez Y accôrder si vous avez paye les frais de souscription mensuels a l offre Corporate Prepaye.Tarif de souscription a Corporate 300 sms vers Orange:  18 900ArTTC. validite : 30 jours.Tarif de resouscription a Corporate Prepaye : 17 000ArTTC. validite : 30 jours. Pour resouscrire, choisissez  Resouscrire  dans le menu principal.', 1950, 'TTC', '30j||30 days', 0, NULL, 0, NULL, 'Corporate SMS', 2, 'Forfaits Corporate SMS|Forfaits Corporate SMS|purchase SMS package', 2, 'SMS Vers Orange|SMS Vers Orange|SMS package to Orange', 2, NULL, NULL, NULL, NULL, NULL, NULL, 4, NULL),
(79, 0, 1, 'CW', '25 sms vers Tout Operateur|25 sms vers Tout Operateur|25sms to National', NULL, 0, NULL, NULL, NULL, NULL, NULL, NULL, 0, NULL, NULL, NULL, 0, NULL, NULL, NULL, 'Le Forfait Corporate 25 sms vers Tout Operateur  vous permet de beneficier de 25 sms vers tous les numeros de tous les operateurs a Madagascar a un tarif de 80ArTTC/sms. Vous pouvez Y accôrder si vous avez paye les frais de souscription mensuels a l offre Corporate Prepaye. Tarif de souscription a Corporate 25 sms versTout Operateur :  2 000ArTTC. validite : 30 jours.Tarif de resouscription a Corporate Prepaye : 17 000ArTTC. validite : 30 jours. Pour resouscrire, choisissez  Resouscrire  dans le menu principal.\r\n', 1500, 'TTC', '30j||30 days', 0, NULL, 0, NULL, 'Corporate SMS', 2, 'Forfaits Corporate SMS|Forfaits Corporate SMS|purchase SMS package', 2, 'SMS Vers Tout Operateur|SMS Vers Tout Operateur|SMS package to National', 3, NULL, NULL, NULL, NULL, NULL, NULL, 1, NULL),
(80, 0, 1, 'CY', '150 sms vers Tout Operateur|150 sms vers Tout Operateur|150sms to National', NULL, 0, NULL, NULL, NULL, NULL, NULL, NULL, 0, NULL, NULL, NULL, 0, NULL, NULL, NULL, 'Le Forfait Corporate 150 sms vers Tout Operateur  vous permet de beneficier de 150 sms vers tous les numeros de tous les operateurs a Madagascar a un tarif de 76,67ArTTC/sms. Vous pouvez Y accôrder si vous avez paye les frais de souscription mensuels a l offre Corporate Prepaye.Tarif de souscription a Corporate 150 sms vers Tout Operateur :   11 500ArTTC. validite : 30 jours.Tarif de resouscription a Corporate Prepaye : 17 000ArTTC. validite : 30 jours. Pour resouscrire, choisissez  Resouscrire  dans le menu principal.', 10050, 'TTC', '30j||30 days', 0, NULL, 0, NULL, 'Corporate SMS', 2, 'Forfaits Corporate SMS|Forfaits Corporate SMS|purchase SMS package', 2, 'SMS Vers Tout Operateur|SMS Vers Tout Operateur|SMS package to National', 3, NULL, NULL, NULL, NULL, NULL, NULL, 4, NULL),
(81, 0, 1, 'CZ', '500 sms vers Tout Operateur|500 sms vers Tout Operateur|500sms to National', NULL, 0, NULL, NULL, NULL, NULL, NULL, NULL, 0, NULL, NULL, NULL, 0, NULL, NULL, NULL, 'Le Forfait Corporate 500 sms vers Tout Operateur  vous permet de beneficier de 500 sms vers tous les numeros de tous les operateurs a Madagascar a un tarif de 75,6ArTTC/sms. Vous pouvez Y accôrder si vous avez paye les frais de souscription mensuels a l offre Corporate Prepaye. Tarif de souscription a Corporate 500 sms vers  Tout Operateur: 37 800ArTTC. validite : 30 jours.Tarif de resouscription a Corporate Prepaye : 17 000ArTTC.\r\n validite : 30 jours. Pour resouscrire, choisissez  Resouscrire  dans le menu principal.', 31500, 'TTC', '30j||30 days', 0, NULL, 0, NULL, 'Corporate SMS', 2, 'Forfaits Corporate SMS|Forfaits Corporate SMS|purchase SMS package', 2, 'SMS Vers Tout Operateur|SMS Vers Tout Operateur|SMS package to National', 3, NULL, NULL, NULL, NULL, NULL, NULL, 6, NULL),
(82, 0, 1, 'DC10', 'Orangenet 50Mo', NULL, 0, NULL, NULL, NULL, NULL, NULL, NULL, 0, NULL, NULL, NULL, 0, NULL, NULL, NULL, 'Le Forfait Orangenet 50 Mo vous permet de beneficier de 50 Mo d internet a un tarif de 52ArTTC/Mo, moins cher que le tarif de vos appels hors forfait. Vous pouvez y accôrder si vous avez paye les frais de souscription mensuels \\na l offre Corporate Prepaye. Tarif de souscription a Orangenet 100 Mo: 2600Ar TTC. validite : 30 jours.\\nTarif de resouscription a Corporate Prepaye : 17 000ArTTC. validite : 30 jours. Pour resouscrire, choisissez  Resouscrire  dans le menu principal.||The Orangenet 50 MB package allows you to benefit from 50 MB of internet at a rate of 52ArTTC / MB, cheaper than the rate\\nfor your calls outside the package. You can access it if you have paid the monthly subscription fees to the Corporate Prepaid offer. Subscription price for Orangenet 50 Mo: 2600Ar including tax. Validity: 30 days.', 3000, 'TTC', '30j||30 days', 0, NULL, 0, NULL, 'Orangenet', 4, 'Forfaits Internet|Forfaits Internet|Internet package purchase', 4, 'Orangenet(Internet)', 1, NULL, NULL, NULL, NULL, NULL, NULL, 1, NULL),
(83, 0, 1, 'DC01', 'Orangenet 100Mo', NULL, 0, NULL, NULL, NULL, NULL, NULL, NULL, 0, NULL, NULL, NULL, 0, NULL, NULL, NULL, 'Le Forfait Orangenet 100 Mo vous permet de beneficier de 100 Mo d internet a un tarif de 59ArTTC/Mo, moins cher que le tarif de vos appels hors forfait. Vous pouvez y accôrder si vous avez paye les frais de souscription mensuels a l offre Corporate Prepaye. Tarif de souscription a Orangenet 100 Mo: 5 900Ar TTC. validite : 30 jours.Tarif de resouscription a Corporate Prepaye : 17 000ArTTC. validite : 30 jours. Pour resouscrire, choisissez  Resouscrire  dans le menu principal||The Orangenet 100 MB package allows you to benefit from 100 MB of internet at a rate of 59ArTTC / MB, cheaper than the ratefor your calls outside the package. You can access it if you have paid the monthly subscription feesto the Corporate Prepaid offer. Subscription rate for Orangenet 100 Mo: Ar5900 including tax. Validity: 30 days.', 3840, 'TTC', '30j||30 days', 0, NULL, 0, NULL, 'Orangenet', 4, 'Forfaits Internet|Forfaits Internet|Internet package purchase', 4, 'Orangenet(Internet)', 1, NULL, NULL, NULL, NULL, NULL, NULL, 2, NULL),
(84, 0, 1, 'DC02', 'Orangenet 250Mo', NULL, 0, NULL, NULL, NULL, NULL, NULL, NULL, 0, NULL, NULL, NULL, 0, NULL, NULL, NULL, 'Le Forfait Orangenet 250 Mo vous permet de beneficier de 250 Mo d internet a un tarif de 28,8ArTTC/Mo. Vous pouvez y accôrder si vous avez paye les frais de souscription mensuels a l offre Corporate Prepaye.  Tarif de souscription a Orangenet 250 Mo: 7 200ArTTC. validite : 30 jours. Tarif de resouscription a Corporate Prepaye : 17 000ArTTC. validite : 30 jours. Pour resouscrire, choisisse  Resouscrire  dans le menu principal.||The Orangenet 250 MB package allows you to benefit from 250 MB of internet at a rate of 28.8 ArTTC / MB. You can accessit if you have paid the monthly subscription fees to the Corporate Prepaid offer. Subscription rate forOrangenet 250 MB: 7,200ArTTC. Validity: 30 days.', 7680, 'TTC', '30j||30 days', 0, NULL, 0, NULL, 'Orangenet', 4, 'Forfaits Internet|Forfaits Internet|Internet package purchase', 4, 'Orangenet(Internet)', 1, NULL, NULL, NULL, NULL, NULL, NULL, 3, NULL),
(85, 0, 1, 'DC03', 'Orangenet 500Mo', NULL, 0, NULL, NULL, NULL, NULL, NULL, NULL, 0, NULL, NULL, NULL, 0, NULL, NULL, NULL, 'Le Forfait Orangenet 500 Mo vous permet de beneficier de 500 Mo d internet a un tarif de 24Ar TTC/Mo. Vous pouvez y accôrder si vous avez paye les frais de souscription mensuels a l offre Corporate Prepaye.  Tarif de souscription a Orangenet 500 Mo: 12 000 ArTTC. validite : 30 jours. Tarif de resouscription a Corporate Prepaye : 17 000ArTTC. validite : 30 jours.  Pour resouscrire, choisissez  Resouscrire  dans le menu principal.||The Orangenet 500 MB package allows you to benefit from 500 MB of internet at a rate of 24Ar including tax / MB. \\nYou can access it if you have paid the monthly subscription fees to the Corporate Prepaid offer. Subscription price for Orangenet 500 MB: 12,000 ArTTC. Validity: 30 days.\r\n', 12000, 'TTC', '30j||30 days', 0, NULL, 0, NULL, 'Orangenet', 4, 'Forfaits Internet|Forfaits Internet|Internet package purchase', 4, 'Orangenet(Internet)', 1, NULL, NULL, NULL, NULL, NULL, NULL, 4, NULL),
(86, 0, 1, 'DC05', 'Orangenet 3Go', NULL, 0, NULL, NULL, NULL, NULL, NULL, NULL, 0, NULL, NULL, NULL, 0, NULL, NULL, NULL, 'Le Forfait Orangenet 3Go vous permet de beneficier de 3Go d internet a un tarif de 23,3ArTTC/Mo. Vous pouvez y accôrdersi vous avez paye les frais de souscription mensuels a l offre Corporate Prepaye. \\n Tarif de souscription a Orangenet 3Go: 56 250ArTTC. validite : 30 jours. Tarif de resouscription a Corporate Prepaye : 17 000ArTTC. validite : 30 jours.\\n Pour resouscrire, choisissez  Resouscrire  dans le menu principal.||The Orangenet 3Go Package allows you tobenefit from 3GB of internet at a rate of 23.3ArTTC / Mo. You can access it if you have paid the monthly subscription fees to the Corporate Prepaid offer.Orangenet 3Go subscription price: 56,250ArTTC. Validity: 30 days.', 60500, 'TTC', '30j||30 days', 0, NULL, 0, NULL, 'Orangenet', 4, 'Forfaits Internet|Forfaits Internet|Internet package purchase', 4, 'Orangenet(Internet)', 1, NULL, NULL, NULL, NULL, NULL, NULL, 6, NULL),
(87, 0, 1, 'DC06', 'Orangenet 5Go', NULL, 0, NULL, NULL, NULL, NULL, NULL, NULL, 0, NULL, NULL, NULL, 0, NULL, NULL, NULL, 'Le Forfait Orangenet 5Go vous permet de beneficier de 5Go d internet a un tarif de 19,3Ar TTC/Mo. \\nVous pouvez y accôrder si vous avez paye les frais de souscription mensuels a l offre Corporate Prepaye. Tarif de souscription a Orangenet 5Go: 75 000Ar TTC. validite : 30 jours.\\nTarif de resouscription a Corporate Prepaye : 17 000ArTTC. validite : 30 jours. Pour resouscrire, choisissez  Resouscrire  dans le menu principal.||The Orangenet 5GB Package allows you to benefit from 5GB of internet at a price of 19.3Ar TTC / Mo. You can access it if you have paid the monthly subscription fees to the Corporate Prepaid offer.Subscription price for Orangenet 5Go: Ar 75,000 including tax. Validity: 30 days.', 84000, 'TTC', '30j||30 days', 0, NULL, 0, NULL, 'Orangenet', 4, 'Forfaits Internet|Forfaits Internet|Internet package purchase', 4, 'Orangenet(Internet)', 1, NULL, NULL, NULL, NULL, NULL, NULL, 7, NULL),
(88, 0, 1, 'DC16', 'Orangenet 8Go', NULL, 0, NULL, NULL, NULL, NULL, NULL, NULL, 0, NULL, NULL, NULL, 0, NULL, NULL, NULL, 'Le Forfait Orangenet 8Go vous permet de beneficier de 8Go d internet a un tarif de 14,2ArTTC/Mo. Vous pouvez y accôrder si vous avez paye les frais de souscription mensuels a l offre Corporate Prepaye. Tarif de souscription a Orangenet 8Go: 116 5000ArTTC. validite : 30 jours.Tarif de resouscription a Corporate Prepaye : 17 000ArTTC. validite : 30 jours. Pour resouscrire, choisissez  Resouscrire  dans le menu principal.||The Orangenet 8GB Package allows you to benefit from 8GB of internet at a price of 14.2ArTTC / Mo. You can access it if you have paid the monthly subscription fees to the Corporate Prepaid offer.Subscription rate for Orangenet 8Go: 116 5000ArTTC. Validity: 30 days.', 116500, 'TTC', '30j||30 days', 0, NULL, 0, NULL, 'Orangenet', 4, 'Forfaits Internet|Forfaits Internet|Internet package purchase', 4, 'Orangenet(Internet)', 1, NULL, NULL, NULL, NULL, NULL, NULL, 8, NULL),
(89, 0, 1, 'DC13', 'Orangenet 10Go', NULL, 0, NULL, NULL, NULL, NULL, NULL, NULL, 0, NULL, NULL, NULL, 0, NULL, NULL, NULL, 'Le Forfait Orangenet 10Go vous permet de beneficier de 10Go d internet a un tarif de 13,8Ar TTC/Mo. Vous pouvez y accôrder si vous avez paye les frais de souscription mensuels a l offre Corporate Prepaye. Tarif de souscription a Orangenet 10Go: 142 000ArTTC. validite : 30 jours.Tarif de resouscription a CorporatePrepaye : 17 000ArTTC. validite : 30 jours. Pour resouscrire, choisissez  Resouscrire  dans le menu principal.||The Orangenet 10GB Package allows you to benefit from 10GB of internet at a price of 13.8Ar TTC / Mo.You can access it if you have paid the monthly subscription fees to the Corporate Prepaid offer.Subscription price for Orangenet 10Go: 142,000 ArTTC. Validity: 30 days.', 142000, 'TTC', '30j||30 days', 0, NULL, 0, NULL, 'Orangenet', 4, 'Forfaits Internet|Forfaits Internet|Internet package purchase', 4, 'Orangenet(Internet)', 1, NULL, NULL, NULL, NULL, NULL, NULL, 9, NULL),
(90, 0, 1, 'DC17', 'Orangenet 20Go', NULL, 0, NULL, NULL, NULL, NULL, NULL, NULL, 0, NULL, NULL, NULL, 0, NULL, NULL, NULL, 'Le Forfait Orangenet 20Go vous permet de beneficier de 20Go d internet a un tarif de 8,7Ar TTC/Mo. Vous pouvez y accôrder si vous avez paye les frais de souscription mensuels a l offre Corporate Prepaye. Tarif de souscription a Orangenet 20Go: 179 000Ar TTC. validite : 30 jours.Tarif de resouscription a Corporate Prepaye : 17 000ArTTC. validite : 30 jours. Pour resouscrire, choisissez  Resouscrire  dans le menu principal.||The Orangenet 20GB Package allows you to benefit from 20GB of internet at a rate of Ar 8.7 includingtax / Mo. You can access it if you have paid the monthly subscription fees to the Corporate Prepaid offer.Subscription price for Orangenet 20Go: 179,000 Ar including tax. Validity: 30 days.', 179000, 'TTC', '30j||30 days', 0, NULL, 0, NULL, 'Orangenet', 4, 'Forfaits Internet|Forfaits Internet|Internet package purchase', 4, 'Orangenet(Internet)', 1, NULL, NULL, NULL, NULL, NULL, NULL, 10, NULL),
(91, 0, 1, 'DC14', 'Orangenet 30Go', NULL, 0, NULL, NULL, NULL, NULL, NULL, NULL, 0, NULL, NULL, NULL, 0, NULL, NULL, NULL, 'Le Forfait Orangenet 30Go vous permet de beneficier de 30Go d internet a un tarif de 6,4Ar TTC/Mo. Vous pouvez y accôrder si vous avez paye les frais de souscription mensuels a l offre Corporate Prepaye. Tarif de souscription a Orangenet 30Go:198 000Ar TTC. validite : 30 jours.Tarif de resouscription a Corporate Prepaye : 17 000ArTTC. validite : 30 jours. Pour resouscrire, choisissez  Resouscrire  dans le menu principal.||The Orangenet 30GB Package allows you to benefit from 30GB of internet at a price of 6.4Ar TTC / Mo.You can access it if you have paid the monthly subscription fees to the Corporate Prepaid offer.Subscription rate for Orangenet 30Go: 198,000 Ar including tax. Validity: 30 days.', 198000, 'TTC', '30j||30 days', 0, NULL, 0, NULL, 'Orangenet', 4, 'Forfaits Internet|Forfaits Internet|Internet package purchase', 4, 'Orangenet(Internet)', 1, NULL, NULL, NULL, NULL, NULL, NULL, 11, NULL),
(92, 0, 1, 'DC18', 'Orangenet 50Go', NULL, 0, NULL, NULL, NULL, NULL, NULL, NULL, 0, NULL, NULL, NULL, 0, NULL, NULL, NULL, 'Le Forfait Orangenet 50Go vous permet de beneficier de 50Go d internet a un tarif de 4,2ArTTC/Mo. Vous pouvez y accôrder si vous avez paye les frais de souscription mensuels a l offre Corporate Prepaye. Tarif de souscription\\n a Orangenet 50Go: 220 000ArTTC. validite : 30 jours.Tarif de resouscription a CorporatePrepaye : 17 000ArTTC. validite : 30 jours. Pour resouscrire, choisissez  Resouscrire  dans le menu principal.||The Orangenet 50GB Package allows you to benefit from 50GB of internet at a rate of 4.2ArTTC / Mo.You can access it if you have paid the monthly subscription fees to the Corporate Prepaid offer.Subscription rate for Orangenet 50Go: 220,000 ArTTC. Validity: 30 days.||The Orangenet 50GB Package allows you to benefit from 50GB of internet at a rate of 4.2ArTTC / Mo.You can access it if you have paid the monthly subscription fees to the Corporate Prepaid offer Subscription rate for Orangenet 50Go: 220,000 ArTTC. Validity: 30 days.\\n', 220000, 'TTC', '30j||30 days', 0, NULL, 0, NULL, 'Orangenet', 4, 'Forfaits Internet|Forfaits Internet|Internet package purchase', 4, 'Orangenet(Internet)', 1, NULL, NULL, NULL, NULL, NULL, NULL, 12, NULL),
(93, 0, 1, 'DC07', '1Go-i', NULL, 0, NULL, NULL, NULL, NULL, NULL, NULL, 0, NULL, NULL, NULL, 0, NULL, NULL, NULL, 'Le 1Go-i vous permet de beneficier de 1Go d internet a plein debit. A l epuisement des 1Go, vous pouvez continuer d utiliser internet, mais le debit sera reduit. Vous pouvez y accôrder si vous avez paye les frais de souscription mensuels a l offre Corporate Prepaye. Tarif de souscription a 1Go-i : 31 920ArTTC. validite : 30 jours.Tarif de resouscription a Corporate Prepaye : 17 000ArTTC. validite : 30 jours. Pour resouscrire, choisissez  Resouscrire  dans le menu principal.|Le 1Go-i vous permet de beneficier de 1Go d internet a plein debit. A l epuisement des 1Go, vous pouvez continuer d utiliser internet, mais le debit sera reduit. Vous pouvez y accôrder si vous avez paye les frais de souscription mensuels a l offre Corporate Prepaye. Tarif de souscription a 1Go-i : 31 920ArTTC. validite : 30 jours. Tarif de resouscription a Corporate Prepaye : 17 000ArTTC. validite : 30 jours. Pour resouscrire, choisissez  Resouscrire  dans le menu principal.|The 1Go-i allows you to benefit from 1Go of internet at full speed.When the 1GB is exhausted, you can continue to use the internet, but the speed will be reduced.You can access it if you have paid the monthly subscription fees to the Corporate prepaid offer.Subscription rate for 1Go-i: 31 920ArTTC.Validity: 30 days.', 31920, 'TTC', '30j||30 days', 0, NULL, 0, NULL, 'Open\'net', 3, 'Forfaits Internet|Forfaits Internet|Internet package purchase', 4, 'Open Net(Internet contrôle)||Open Net(controlled Internet)', 2, NULL, NULL, NULL, NULL, NULL, NULL, 1, NULL),
(94, 0, 1, 'DC08', '3Go-i', NULL, 0, NULL, NULL, NULL, NULL, NULL, NULL, 0, NULL, NULL, NULL, 0, NULL, NULL, NULL, 'Le 3Go-i vous permet de beneficier de 3Go d internet a plein debit. A l epuisement des 3Go, vous pouvez continuer d utiliser internet,mais le debit sera reduit. Vous pouvez y accôrder si vous avez paye les frais de souscription mensuels a l offre Corporate Prepaye. Tarif de souscription a 3Go-i : 79 080ArTTC. validite : 30 jours. Tarif de resouscription a Corporate Prepaye : 17 000ArTTC. validite : 30 jours. Pour resouscrire, choisissez  Resouscrire  dans le menu principal.|Le 3Go-i vous permet de beneficier de 3Go d internet a plein debit. A l epuisement des 3Go, vous pouvez continuer d utiliser internet, mais le debit sera reduit.Vous pouvez y accôrder si vous avez paye les frais de souscription mensuels a l offre Corporate Prepaye. Tarif de souscription a 3Go-i : 79 080ArTTC. validite : 30 jours.Tarif de resouscription a Corporate Prepaye : 17 000ArTTC. validite : 30 jours. Pour resouscrire, choisissez  Resouscrire  dans le menu principal.|3Go-i allows you to benefit from 3Go of internet at full speed.When the 3Go is exhausted, you can continue to use the internet, but the speed will be reduced.You can access it if you have paid the monthly subscription fees to the Corporate prepaid offer. 3Go-i subscription price: 79 080ArTTC.Validity: 30 days.', 79080, 'TTC', '30j||30 days', 0, NULL, 0, NULL, 'Open\'net', 3, 'Forfaits Internet|Forfaits Internet|Internet package purchase', 4, 'Open Net(Internet contrôle)||Open Net(controlled Internet)', 2, NULL, NULL, NULL, NULL, NULL, NULL, 2, NULL),
(95, 0, 1, 'DC09', '5Go-i', NULL, 0, NULL, NULL, NULL, NULL, NULL, NULL, 0, NULL, NULL, NULL, 0, NULL, NULL, NULL, 'Le 5Go-i vous permet de beneficier de 5Go d internet a plein debit. A l epuisement des 5Go, vous pouvez continuer d utiliser internet, mais le debit sera reduit. Vous pouvez y accôrder si vous avez paye les frais de souscription mensuels a l offre Corporate Prepaye.  Tarif de souscription a 5Go-i : 107 880Ar TTC. validite : 30 jours. Tarif de resouscription a Corporate Prepaye : 17 000ArTTC.  validite : 30 jours. Pour resouscrire, choisissez  Resouscrire  dans le menu principal.|Le 5Go-i vous permet de beneficier de 5Go  d internet a plein debit. A l epuisement des 5Go, vous pouvez continuer d utiliser internet, mais le debit sera reduit. Vous pouvez y accôrder si vous avez paye les frais de souscription mensuels a l offre Corporate Prepaye. Tarif de souscription a 5Go-i : 107 880Ar TTC. validite : 30 jours. Tarif de resouscription a Corporate Prepaye : 17 000ArTTC. validite : 30 jours. Pour resouscrire, choisissez  Resouscrire  dans le menu principal.|The 5Go-i allows you to benefit from 5Go of internet at full speed.When the 5GB is exhausted, you can continue to use the internet, but the speed will be reduced.You can access it if you have paid the monthly subscription fees to the Corporate prepaid offer. Subscription rate for 5Go-i: Ar 107 880 including tax.Validity: 30 days', 107880, 'TTC', '30j||30 days', 0, NULL, 0, NULL, 'Open\'net', 3, 'Forfaits Internet|Forfaits Internet|Internet package purchase', 4, 'Open Net(Internet contrôle)||Open Net(controlled Internet)', 2, NULL, NULL, NULL, NULL, NULL, NULL, 3, NULL),
(96, 0, 1, 'DC11', 'Be Connect 10Mo|Be Connect 10Mo|Be Connect 10Mo', NULL, 0, NULL, NULL, NULL, NULL, NULL, NULL, 0, NULL, NULL, NULL, 0, NULL, NULL, NULL, NULL, 200, 'TTC', '1j||1 day', 0, NULL, 0, NULL, 'Be connect (Internet)', 4, 'Forfaits Internet|Forfaits Internet|Internet package purchase', 4, 'Be Connect(Internet)', 3, NULL, NULL, NULL, NULL, NULL, NULL, 1, NULL),
(97, 0, 1, 'DC12', 'Be Connect 20Mo|Be Connect 20Mo|Be Connect 20Mo', NULL, 0, NULL, NULL, NULL, NULL, NULL, NULL, 0, NULL, NULL, NULL, 0, NULL, NULL, NULL, NULL, 500, 'TTC', '1j||1 day', 0, NULL, 0, NULL, 'Be connect (Internet)', 4, 'Forfaits Internet|Forfaits Internet|Internet package purchase', 4, 'Be Connect(Internet)', 3, NULL, NULL, NULL, NULL, NULL, NULL, 2, NULL),
(98, 0, 1, 'DC15', 'Be Connect 50Mo|Be Connect 50Mo|Be Connect 50Mo', NULL, 0, NULL, NULL, NULL, NULL, NULL, NULL, 0, NULL, NULL, NULL, 0, NULL, NULL, NULL, NULL, 1000, 'TTC', '1j||1 day', 0, NULL, 0, NULL, 'Be connect (Internet)', 4, 'Forfaits Internet|Forfaits Internet|Internet package purchase', 4, 'Be Connect(Internet)', 3, NULL, NULL, NULL, NULL, NULL, NULL, 3, NULL),
(100, 1, 1, 'D109', '500Mo - 4j|500Mo - 4j|500Mo - 4days', NULL, 1, NULL, NULL, NULL, NULL, NULL, NULL, 0, NULL, NULL, NULL, 0, NULL, NULL, NULL, NULL, 144000, 'TTC', '4j||4 days', 0, NULL, 0, NULL, 'Pass Voyage (Roaming)', 7, 'Roaming |Roaming |Roaming ', 6, 'Les Forfaits Roaming Internet|Les Forfaits Roaming Internet|Internet Roaming Packages', 1, 'Zone Ocean Indien|Zone Ocean Indien|Indian Ocean Zone', 1, NULL, NULL, NULL, NULL, 2, NULL),
(102, 1, 1, 'D110', '3Go - 30j|3Go - 30j|3Go - 30days', NULL, 1, NULL, NULL, NULL, NULL, NULL, NULL, 0, NULL, NULL, NULL, 0, NULL, NULL, NULL, NULL, 672000, 'TTC', '30j||30days', 0, NULL, 0, NULL, 'Pass Voyage (Roaming)', 7, 'Roaming |Roaming |Roaming ', 6, 'Les Forfaits Roaming Internet|Les Forfaits Roaming Internet|Internet Roaming Packages', 1, 'Zone Ocean Indien|Zone Ocean Indien|Indian Ocean Zone', 1, NULL, NULL, NULL, NULL, 4, NULL),
(104, 1, 1, 'D111', '100MO - 3j|100MO - 3j|100MO - 3days', NULL, 1, NULL, NULL, NULL, NULL, NULL, NULL, 0, NULL, NULL, NULL, 0, NULL, NULL, NULL, NULL, 139000, 'TTC', '3j||3 days', 0, NULL, 0, NULL, 'Pass Voyage (Roaming)', 7, 'Roaming |Roaming |Roaming ', 6, 'Les Forfaits Roaming Internet|Les Forfaits Roaming Internet|Internet Roaming Packages', 1, 'Zone France - Amerique du Nord - Afrique - Europe|Zone France - Amerique du Nord - Afrique - Europe|Zone France - North America - Africa - Europe', 2, NULL, NULL, NULL, NULL, 2, NULL),
(105, 1, 1, 'D112', '500Mo - 4j|500Mo - 4j|500Mo - 4days', NULL, 1, NULL, NULL, NULL, NULL, NULL, NULL, 0, NULL, NULL, NULL, 0, NULL, NULL, NULL, NULL, 648000, 'TTC', '4j||4 days', 0, NULL, 0, NULL, 'Pass Voyage (Roaming)', 7, 'Roaming |Roaming |Roaming ', 6, 'Les Forfaits Roaming Internet|Les Forfaits Roaming Internet|Internet Roaming Packages', 1, 'Zone France - Amerique du Nord - Afrique - Europe|Zone France - Amerique du Nord - Afrique - Europe|Zone France - North America - Africa - Europe', 2, NULL, NULL, NULL, NULL, 3, NULL),
(106, 1, 1, 'D113', '1Go - 7j|1Go - 7j|1Go - 7days', NULL, 1, NULL, NULL, NULL, NULL, NULL, NULL, 0, NULL, NULL, NULL, 0, NULL, NULL, NULL, NULL, 1000000, 'TTC', '7j||7 days', 0, NULL, 0, NULL, 'Pass Voyage (Roaming)', 7, 'Roaming |Roaming |Roaming ', 6, 'Les Forfaits Roaming Internet|Les Forfaits Roaming Internet|Internet Roaming Packages', 1, 'Zone France - Amerique du Nord - Afrique - Europe|Zone France - Amerique du Nord - Afrique - Europe|Zone France - North America - Africa - Europe', 2, NULL, NULL, NULL, NULL, 4, NULL),
(107, 1, 1, 'D114', '3Go - 30j|3Go - 30j|3Go - 30days', NULL, 1, NULL, NULL, NULL, NULL, NULL, NULL, 0, NULL, NULL, NULL, 0, NULL, NULL, NULL, NULL, 1000000, 'TTC', '30j||30 days', 0, NULL, 0, NULL, 'Pass Voyage (Roaming)', 7, 'Roaming |Roaming |Roaming ', 6, 'Les Forfaits Roaming Internet|Les Forfaits Roaming Internet|Internet Roaming Packages', 1, 'Zone France - Amerique du Nord - Afrique - Europe|Zone France - Amerique du Nord - Afrique - Europe|Zone France - North America - Africa - Europe', 2, NULL, NULL, NULL, NULL, 5, NULL),
(108, 1, 1, 'D106', 'Forfait de 300000Ar - 30j|Forfait de 300000Ar - 30j|Flat rate of Ar300000 - 30days', NULL, 1, NULL, NULL, NULL, NULL, NULL, NULL, 0, NULL, NULL, NULL, 0, NULL, NULL, NULL, NULL, 300000, 'TTC', '30j||30days', 0, NULL, 0, NULL, 'Pass Voyage (Roaming)', 7, 'Roaming |Roaming |Roaming ', 6, 'Les Forfaits Roaming Internet|Les Forfaits Roaming Internet|Internet Roaming Packages', 1, 'Reste du monde|Reste du monde|Rest of the world', 3, NULL, NULL, NULL, NULL, 1, NULL),
(109, 1, 1, 'D107', 'Forfait de 500000Ar - 30j|Forfait de 500000Ar - 30j| Flat rate of Ar500000 - 30 days', NULL, 1, NULL, NULL, NULL, NULL, NULL, NULL, 0, NULL, NULL, NULL, 0, NULL, NULL, NULL, NULL, 500000, 'TTC', '30j||30days', 0, NULL, 0, NULL, 'Pass Voyage (Roaming)', 7, 'Roaming |Roaming |Roaming ', 6, 'Les Forfaits Roaming Internet|Les Forfaits Roaming Internet|Internet Roaming Packages', 1, 'Reste du monde|Reste du monde|Rest of the world', 3, NULL, NULL, NULL, NULL, 2, NULL),
(110, 1, 1, 'D108', 'Forfait de 1000000Ar - 30j|Forfait de 1000000Ar - 30j|Flat rate of Ar1000000 of 30days', NULL, 1, NULL, NULL, NULL, NULL, NULL, NULL, 0, NULL, NULL, NULL, 0, NULL, NULL, NULL, NULL, 1000000, 'TTC', '30j||30days', 0, NULL, 0, NULL, 'Pass Voyage (Roaming)', 7, 'Roaming |Roaming |Roaming ', 6, 'Les Forfaits Roaming Internet|Les Forfaits Roaming Internet|Internet Roaming Packages', 1, 'Reste du monde|Reste du monde|Rest of the world', 3, NULL, NULL, NULL, NULL, 3, NULL),
(112, 0, 1, 'EF', '12000Ar TTC|12000Ar TTC|12000Ar Incl. tax', NULL, 0, NULL, NULL, NULL, NULL, NULL, NULL, 0, NULL, NULL, NULL, 0, NULL, NULL, NULL, NULL, 12000, 'TTC', '30j||30days', 0, NULL, 0, NULL, 'Forfait Voix et SMS|Forfait Voix et SMS|Voice and SMS package', 12, 'Achat forfait voix et SMS|Achat forfait voix et SMS|Purchase Voice and SMS package', 3, NULL, NULL, NULL, NULL, NULL, NULL, NULL, NULL, 1, NULL),
(113, 0, 1, 'EG', '24000Ar TTC|24000Ar TTC|24000Ar Incl. tax', NULL, 0, NULL, NULL, NULL, NULL, NULL, NULL, 0, NULL, NULL, NULL, 0, NULL, NULL, NULL, NULL, 24000, 'TTC', '30j||30days', 0, NULL, 0, NULL, 'Forfait Voix et SMS|Forfait Voix et SMS|Voice and SMS package', 12, 'Achat forfait voix et SMS|Achat forfait voix et SMS|Purchase Voice and SMS package', 3, NULL, NULL, NULL, NULL, NULL, NULL, NULL, NULL, 2, NULL),
(114, 0, 1, 'EH', '60000Ar TTC|60000Ar TTC|60000Ar Incl. tax', NULL, 0, NULL, NULL, NULL, NULL, NULL, NULL, 0, NULL, NULL, NULL, 0, NULL, NULL, NULL, NULL, 60000, 'TTC', '30j||30days', 0, NULL, 0, NULL, 'Forfait Voix et SMS|Forfait Voix et SMS|Voice and SMS package', 12, 'Achat forfait voix et SMS|Achat forfait voix et SMS|Purchase Voice and SMS package', 3, NULL, NULL, NULL, NULL, NULL, NULL, NULL, NULL, 3, NULL),
(115, 0, 1, 'EI', '120000Ar TTC|120000Ar TTC|120000Ar Incl. tax', NULL, 0, NULL, NULL, NULL, NULL, NULL, NULL, 0, NULL, NULL, NULL, 0, NULL, NULL, NULL, NULL, 120000, 'TTC', '30j||30days', 0, NULL, 0, NULL, 'Forfait Voix et SMS|Forfait Voix et SMS|Voice and SMS package', 12, 'Achat forfait voix et SMS|Achat forfait voix et SMS|Purchase Voice and SMS package', 3, NULL, NULL, NULL, NULL, NULL, NULL, NULL, NULL, 4, NULL),
(116, 0, 1, 'EJ', '180000Ar TTC|180000Ar TTC|180000Ar Incl. tax', NULL, 0, NULL, NULL, NULL, NULL, NULL, NULL, 0, NULL, NULL, NULL, 0, NULL, NULL, NULL, NULL, 180000, 'TTC', '30j||30days', 0, NULL, 0, NULL, 'Forfait Voix et SMS|Forfait Voix et SMS|Voice and SMS package', 12, 'Achat forfait voix et SMS|Achat forfait voix et SMS|Purchase Voice and SMS package', 3, NULL, NULL, NULL, NULL, NULL, NULL, NULL, NULL, 5, NULL),
(118, 0, 1, 'DC04', 'Orangenet 1Go|Orangenet 1Go|Orangenet 1Go', NULL, 0, NULL, NULL, NULL, NULL, NULL, NULL, 0, NULL, NULL, NULL, 0, NULL, NULL, NULL, 'Le Forfait Orangenet 1Go vous permet de beneficier de 1Go d internet a un tarif de 28,3ArTTC/Mo. Vous pouvez y accôrder si vous avez paye les frais de souscription mensuels a l offre Corporate Prepaye. Tarif de souscription a Orangenet 1Go: 22 500Ar TTC. validite : 30 jours.Tarif de resouscription a Corporate Prepaye : 17 000ArTTC. validite : 30 jours. Pour resouscrire, choisissez  Resouscrire  dans le menu principal.||The Orangenet 1GB Package allows you to benefit from 1GB of internet at a rate of 28.3ArTTC / Mo. You can accessit if you have paid the monthly subscription fees to the Corporate Prepaid offer.Subscription price for Orangenet 1Go: 22,500Ar including tax. Validity: 30 days', 24500, 'TTC', '30j||30days', 0, NULL, 0, NULL, 'Orangenet', 4, 'Forfaits Internet|Forfaits Internet|Internet package purchase', 4, 'Orangenet(Internet)', 1, NULL, NULL, NULL, NULL, NULL, NULL, 5, NULL),
(119, 0, 1, 'EA', 'Voix Flotte 2h|Voix Flotte 2h|2h towards the fleet', NULL, 0, NULL, NULL, NULL, NULL, NULL, NULL, 0, NULL, NULL, NULL, 0, NULL, NULL, NULL, NULL, 7800, 'TTC', '30j||30days', 0, NULL, 0, NULL, 'Corporate Voix', 1, 'Forfaits Corporate Voix|Forfaits Corporate Voix|Purchase voice package', 1, 'Voix vers Flotte|Voix vers Flotte|Fleet calls', 1, NULL, NULL, NULL, NULL, NULL, NULL, 2, NULL),
(120, 0, 1, 'EB', 'Voix Orange 2h|Voix Orange 2h|2h to Orange', NULL, 0, NULL, NULL, NULL, NULL, NULL, NULL, 0, NULL, NULL, NULL, 0, NULL, NULL, NULL, NULL, 8280, 'TTC', '30j||30days', 0, NULL, 0, NULL, 'Corporate Voix', 1, 'Forfaits Corporate Voix|Forfaits Corporate Voix|Purchase voice package', 1, 'Voix vers Orange|Voix vers Orange|Orange calls', 2, NULL, NULL, NULL, NULL, NULL, NULL, 1, NULL),
(121, 0, 1, 'EC', 'Voix Tout Operateur 2h|Voix Tout Operateur 2h|2h to National', NULL, 0, NULL, NULL, NULL, NULL, NULL, NULL, 0, NULL, NULL, NULL, 0, NULL, NULL, NULL, NULL, 25320, 'TTC', '30j||30days', 0, NULL, 0, NULL, 'Corporate Voix', 1, 'Forfaits Corporate Voix|Forfaits Corporate Voix|Purchase voice package', 1, 'Voix vers Tout Operateur|Voix vers Tout Operateur|National calls', 3, NULL, NULL, NULL, NULL, NULL, NULL, 3, NULL),
(122, 0, 1, 'ED', '100 sms vers Tout Operateur|100 sms vers Tout Operateur|100sms to National', NULL, 0, NULL, NULL, NULL, NULL, NULL, NULL, 0, NULL, NULL, NULL, 0, NULL, NULL, NULL, NULL, 5760, 'TTC', '30j||30days', 0, NULL, 0, NULL, 'Corporate SMS', 2, 'Forfaits Corporate SMS|Forfaits Corporate SMS|purchase SMS package', 2, 'SMS Vers Tout Operateur|SMS Vers Tout Operateur|SMS package to National', 3, NULL, NULL, NULL, NULL, NULL, NULL, 3, NULL),
(123, 0, 1, 'EE', '250 sms vers Tout Operateur|250 sms vers Tout Operateur|250sms to National', NULL, 0, NULL, NULL, NULL, NULL, NULL, NULL, 0, NULL, NULL, NULL, 0, NULL, NULL, NULL, NULL, 14100, 'TTC', '30j||30days', 0, NULL, 0, NULL, 'Corporate SMS', 2, 'Forfaits Corporate SMS|Forfaits Corporate SMS|purchase SMS package', 2, 'SMS Vers Tout Operateur|SMS Vers Tout Operateur|SMS package to National', 3, NULL, NULL, NULL, NULL, NULL, NULL, 5, NULL),
(125, 0, 1, 'CX', '50 sms vers Tout Operateur|50 sms vers Tout Operateur|50sms to National', NULL, 0, NULL, NULL, NULL, NULL, NULL, NULL, 0, NULL, NULL, NULL, 0, NULL, NULL, NULL, 'Le Forfait Corporate 50 sms vers Tout Opérateur  vous permet de bénéficier de 50 sms vers tous les numéros detous les opérateurs à Madagascar à un tarif de 78ArTTC/sms. Vous pouvez y accéder si vous avez payé \\n les frais de souscription mensuels à l\'offre Corporate Prépayé. Tarif de souscription à Corporate 50 sms vers Tout Opérateur :   3900ArTTC. Validité : 30 jours.\\nTarif de resouscription à Corporate Prépayé : 17 000ArTTC. Validité : 30 jours. Pour resouscrire, choisissez \\\"Resouscrire\\\" dans le menu principal.', 2940, 'TTC', '30j||30days', 0, NULL, 0, NULL, 'Corporate SMS', 2, 'Forfaits Corporate SMS|Forfaits Corporate SMS|purchase SMS package', 2, 'SMS Vers Tout Operateur|SMS Vers Tout Operateur|SMS package to National', 3, NULL, NULL, NULL, NULL, NULL, NULL, 2, NULL),
(128, 0, 1, 'CO', 'Offre OPEN|Offre OPEN|OPEN Package', NULL, 0, NULL, NULL, NULL, NULL, NULL, NULL, 0, NULL, NULL, NULL, 0, NULL, NULL, NULL, NULL, 17000, 'TTC', '30j||30days', 0, NULL, 0, NULL, 'Offre OPEN', 12, 'exclude', -1, NULL, NULL, NULL, NULL, NULL, NULL, NULL, NULL, -1, NULL),
(133, 0, 1, 'DB59', 'Be connect 100Go', NULL, 1, 'UO73', NULL, NULL, NULL, NULL, NULL, 0, NULL, NULL, NULL, 0, NULL, NULL, NULL, NULL, 189000, 'TTC', '30j', 1, 'DD59', 0, NULL, 'Be connect (Internet)', 3, 'exclude', -1, NULL, NULL, NULL, NULL, NULL, NULL, NULL, NULL, -1, NULL),
(137, 0, 1, 'DB60', 'Be connect 160Go', NULL, 1, 'UO74', NULL, NULL, NULL, NULL, NULL, 0, NULL, NULL, NULL, 0, NULL, NULL, NULL, NULL, 299000, 'TTC', '30j', 1, 'DD60', 0, NULL, 'Be connect (Internet)', 3, 'exclude', -1, NULL, NULL, NULL, NULL, NULL, NULL, NULL, NULL, -1, NULL),
(140, 0, 1, 'DB61', 'Be connect 250Go', NULL, 1, 'UO75', NULL, NULL, NULL, NULL, NULL, 0, NULL, NULL, NULL, 0, NULL, NULL, NULL, NULL, 399000, 'TTC', '30j', 1, 'DD61', 0, NULL, 'Be connect (Internet)', 3, 'exclude', -1, NULL, NULL, NULL, NULL, NULL, NULL, NULL, NULL, -1, NULL),
(144, 0, 1, 'LMS', 'Bonus', NULL, 0, NULL, NULL, NULL, NULL, NULL, NULL, 0, NULL, NULL, NULL, 0, NULL, NULL, NULL, NULL, 0, 'TTC', '0', 0, NULL, 0, NULL, NULL, NULL, 'exclude', -1, NULL, NULL, NULL, NULL, NULL, NULL, NULL, NULL, -1, NULL),
(147, 1, 1, 'LMS_ROAM', 'Bonus', NULL, 0, NULL, NULL, NULL, NULL, NULL, NULL, 0, NULL, NULL, NULL, 0, NULL, NULL, NULL, NULL, 0, 'TTC', '0', 0, NULL, 0, NULL, NULL, NULL, 'exclude', -1, NULL, NULL, NULL, NULL, NULL, NULL, NULL, NULL, -1, NULL),
(148, 0, 1, 'RB1', 'Orange France', NULL, 0, NULL, NULL, NULL, NULL, NULL, NULL, 0, NULL, NULL, NULL, 0, NULL, NULL, NULL, NULL, 60000, 'TTC', '30j|30 andro|', 0, NULL, 0, NULL, NULL, NULL, 'Roaming|Roaming|Roaming', 6, 'Forfaits Roaming Appels et SMS|Tolotra Roaming  Antso sy  SMS|Forfaits Roaming Appels et SMS', 2, NULL, NULL, NULL, NULL, NULL, NULL, 1, NULL),
(149, 0, 1, 'RB2', 'Orange Reunion-Mayotte', NULL, 0, NULL, NULL, NULL, NULL, NULL, NULL, 0, NULL, NULL, NULL, 0, NULL, NULL, NULL, NULL, 60000, 'TTC', '30j|30 andro|', 0, NULL, 0, NULL, NULL, NULL, 'Roaming|Roaming|Roaming', 6, 'Forfaits Roaming Appels et SMS|Tolotra Roaming  Antso sy  SMS|Forfaits Roaming Appels et SMS', 2, NULL, NULL, NULL, NULL, NULL, NULL, 2, NULL),
(150, 0, 1, 'RB3', 'Orange Maurice', NULL, 0, NULL, NULL, NULL, NULL, NULL, NULL, 0, NULL, NULL, NULL, 0, NULL, NULL, NULL, NULL, 60000, 'TTC', '30j|30 andro|', 0, NULL, 0, NULL, NULL, NULL, 'Roaming|Roaming|Roaming', 6, 'Forfaits Roaming Appels et SMS|Tolotra Roaming  Antso sy  SMS|Forfaits Roaming Appels et SMS', 2, NULL, NULL, NULL, NULL, NULL, NULL, 3, NULL),
(151, 0, 1, 'RB4', 'Vodacom Afrique du Sud', NULL, 0, NULL, NULL, NULL, NULL, NULL, NULL, 0, NULL, NULL, NULL, 0, NULL, NULL, NULL, NULL, 60000, 'TTC', '30j|30 andro|', 0, NULL, 0, NULL, NULL, NULL, 'Roaming|Roaming|Roaming', 6, 'Forfaits Roaming Appels et SMS|Tolotra Roaming  Antso sy  SMS|Forfaits Roaming Appels et SMS', 2, NULL, NULL, NULL, NULL, NULL, NULL, 4, NULL),
(152, 0, 1, 'RB5', 'Cell-C Afrique du Sud', NULL, 0, NULL, NULL, NULL, NULL, NULL, NULL, 0, NULL, NULL, NULL, 0, NULL, NULL, NULL, NULL, 60000, 'TTC', '30j|30 andro|', 0, NULL, 0, NULL, NULL, NULL, 'Roaming|Roaming|Roaming', 6, 'Forfaits Roaming Appels et SMS|Tolotra Roaming  Antso sy  SMS|Forfaits Roaming Appels et SMS', 2, NULL, NULL, NULL, NULL, NULL, NULL, 5, NULL),
(156, 0, 1, 'D103+', '100Mo - 2j|100Mo - 2j|100Mo - 2days', NULL, 1, NULL, NULL, NULL, NULL, NULL, NULL, 0, NULL, NULL, NULL, 0, NULL, NULL, NULL, NULL, 48000, 'TTC', '2j||2 days', 0, NULL, 0, NULL, NULL, NULL, 'Roaming |Roaming |Roaming ', 6, 'Les Forfaits Roaming Internet|Les Forfaits Roaming Internet|Internet Roaming Packages', 1, 'Zone Ocean Indien|Zone Ocean Indien|Indian Ocean Zone', 1, NULL, NULL, NULL, NULL, 1, NULL),
(157, 0, 1, 'D104+', '1Go - 7j|1Go - 7j|1Go - 7days', NULL, 1, NULL, NULL, NULL, NULL, NULL, NULL, 0, NULL, NULL, NULL, 0, NULL, NULL, NULL, NULL, 240000, 'TTC', '7j||7 days', 0, NULL, 0, NULL, NULL, NULL, 'Roaming |Roaming |Roaming ', 6, 'Les Forfaits Roaming Internet|Les Forfaits Roaming Internet|Internet Ro_aming Packages', 1, 'Zone Ocean Indien|Zone Ocean Indien|Indian Ocean Zone', 1, NULL, NULL, NULL, NULL, 3, NULL),
(158, 0, 1, 'D105+', '50Mo - 2j|50Mo - 2j|50Mo - 2days', NULL, 1, NULL, NULL, NULL, NULL, NULL, NULL, 0, NULL, NULL, NULL, 0, NULL, NULL, NULL, NULL, 72000, 'TTC', '2j||2 days', 0, NULL, 0, NULL, NULL, NULL, 'Roaming |Roaming |Roaming ', 6, 'Les Forfaits Roaming Internet|Les Forfaits Roaming Internet|Internet Roaming Packages', 1, 'Zone France - Amerique du Nord - Afrique - Europe|Zone France - Amerique du Nord - Afrique - Europe|Zone France - North America - Africa - Europe', 2, NULL, NULL, NULL, NULL, 1, NULL),
(159, 0, 1, 'EZARA', 'E-ZARA', NULL, 0, NULL, NULL, NULL, NULL, NULL, NULL, 0, NULL, NULL, NULL, 0, NULL, NULL, NULL, NULL, 0, 'TTC', NULL, 0, NULL, 0, NULL, 'E-zara', -1, NULL, NULL, NULL, NULL, NULL, NULL, NULL, NULL, NULL, NULL, -1, NULL),
(160, 0, 1, 'IF07', 'Akama Full', NULL, 1, 'IF73', NULL, NULL, NULL, NULL, NULL, 0, NULL, NULL, NULL, 0, NULL, NULL, NULL, '1Go de Facebook, Messenger, Instagram, TikTok, Whatsapp + 90 minutes vers vos numeros Famille. Prix 2000 Ar TTC. Validite 7 jours|1Go Facebook, Messenger, Instagram, TikTok ary Whatsapp + 90 min @ nomerao Famille. Sarany: 2000 Ar TTC. Faharetany 7 andro.|1Go de Facebook, Messenger, Instagram, TikTok et Whatsapp + 90 minutes vers vos numeros Famille. Prix 2000 Ar TTC. Validite 7 jours.', 2000, 'TTC', '7jrs', 1, 'IF72', 0, NULL, 'Akama', 6, 'Reseaux Sociaux|Tambajotra sosialy|Social networks', 5, NULL, NULL, NULL, NULL, NULL, NULL, NULL, NULL, 5, NULL),
(190, 0, 0, NULL, 'GIGA NET-KO', NULL, 3, NULL, NULL, NULL, NULL, NULL, NULL, 3, NULL, NULL, NULL, 3, 3, '3', NULL, 'Description', 500, 'TTC', '2j', 3, NULL, 2, NULL, '', 0, '', 0, '', 0, '', 0, '', 0, '', 0, 0, ''),
(191, 0, 0, NULL, 'GIGA NIGHT', NULL, 0, NULL, NULL, NULL, NULL, NULL, NULL, 0, NULL, NULL, NULL, 0, 0, '', NULL, '', 2000, '', '', 0, NULL, 0, NULL, '', 0, '', 0, '', 0, '', 0, '', 0, '', 0, 0, ''),
(192, 1, 0, 'TE', 'Akama go plus', NULL, 1, NULL, NULL, NULL, NULL, NULL, NULL, 0, NULL, NULL, NULL, 1, 0, '', NULL, 'exemple', 600, 'TTC', '2j', 1, NULL, 0, NULL, '', 0, '', 1, '', 0, '', 1, '', 0, '', 1, 1, 'huuuu'),
(197, 0, 0, NULL, 'MEGA-NET', NULL, 0, NULL, NULL, NULL, NULL, NULL, NULL, 0, NULL, NULL, NULL, 0, 0, '', NULL, '', 3000, 'TTC', '3j', 0, NULL, 1, NULL, '', 0, '', 0, '', 0, '', 0, '', 0, '', 0, 0, ''),
(199, 0, 0, NULL, 'YUI', NULL, 0, NULL, NULL, NULL, NULL, NULL, NULL, 0, NULL, NULL, NULL, 0, 0, '', NULL, '', 2000, 'TTC', '', 0, NULL, 0, NULL, '', 0, '', 0, '', 0, '', 0, '', 0, '', 0, 0, ''),
(200, 0, 0, 'ZFADY', 'azafady', 'inject', 1, 'fwd', 'api', 'lms', 'pos', 2, 3, 1, 1, 2, 3, 1, 4, 'mois', 12, 'Description mapme ity an!', 5000, 'TTC', '2j', 1, 'om', 1, 'credit', 'Be connect (Internet)', 0, 'Madabooky|Madabooky|Madabooky', 0, 'Orangenet(Internet)', 0, 'Autre groups 3', 0, 'Les Forfaits Roaming Internet|Les Forfaits Roaming Internet|Internet Roaming Packages', 0, 'Groups 5 hafa e!', 0, 0, ''),
(202, 0, 0, NULL, 'FANAOVA TEST', NULL, 0, NULL, NULL, NULL, NULL, NULL, NULL, 0, NULL, NULL, NULL, 0, 0, '', NULL, '', 450, 'TTC', '', 0, NULL, 0, NULL, 'Forfait Voix et SMS|Forfait Voix et SMS|Voice and SMS package', 8, 'KOeeeegtgt', 6, '', 0, 'Zone France - Amerique du Nord - Afrique - Europe|Zone France - Amerique du Nord - Afrique - Europe|Zone France - North America - Africa - Europe', 0, '', 0, '', 0, 0, ''),
(203, 1, 0, 'REFILL', 'MAZOTOam', 'inje', 1, 'fwd', 'api', 'lms', 'pos', 2, 3, 1, 5, 1, 2, 0, 0, '', 8, 'Mazoto mitesta', 3000, 'TTC', '7j', 1, 'omm', 1, 'crédit', 'Wanna (Voix/SMS/Internet)', 1, 'Groups1 vaovao', 2, 'Orangenet(Internet)', 3, 'Reste du monde|Reste du monde|Rest of the world', 4, 'Hafa indray ity ry groups4', 5, 'Hihi groups5', 6, 10, 'Hahahhaah');

-- --------------------------------------------------------

--
-- Structure de la table `bundleofferelementaire`
--

DROP TABLE IF EXISTS `bundleofferelementaire`;
CREATE TABLE IF NOT EXISTS `bundleofferelementaire` (
  `idbundle` int(8) NOT NULL,
  `DA` int(11) NOT NULL,
  `quantity` bigint(20) DEFAULT NULL,
  `offerId` int(11) NOT NULL DEFAULT '-1',
  `istoexcludefrominfoconso` tinyint(1) NOT NULL DEFAULT '0',
  `ismixed` tinyint(1) NOT NULL DEFAULT '0',
  `tarifsmsnat` float NOT NULL DEFAULT '0' COMMENT 'tarif sms tout op',
  `tarifappelnat` float NOT NULL DEFAULT '0' COMMENT 'tarif à la seconde de l''appel tout op',
  `tarifdata` float NOT NULL DEFAULT '0' COMMENT 'tarif de l''octet ',
  `tarifdatafb` float DEFAULT '0',
  `tarifappelfamille` float NOT NULL DEFAULT '0' COMMENT 'tarif à la seconde de l''appel vers famille',
  `tarifappelorange` float NOT NULL DEFAULT '0',
  `tarifappelinternational` float NOT NULL DEFAULT '0',
  `tarifsmsfamille` float NOT NULL DEFAULT '0',
  `tarifsmsorange` float NOT NULL DEFAULT '0',
  `tarifsmsinternational` float NOT NULL DEFAULT '0',
  PRIMARY KEY (`idbundle`,`DA`,`offerId`) USING BTREE,
  KEY `refill` (`idbundle`),
  KEY `DA` (`DA`)
) ENGINE=InnoDB DEFAULT CHARSET=latin1;

--
-- Déchargement des données de la table `bundleofferelementaire`
--

INSERT INTO `bundleofferelementaire` (`idbundle`, `DA`, `quantity`, `offerId`, `istoexcludefrominfoconso`, `ismixed`, `tarifsmsnat`, `tarifappelnat`, `tarifdata`, `tarifdatafb`, `tarifappelfamille`, `tarifappelorange`, `tarifappelinternational`, `tarifsmsfamille`, `tarifsmsorange`, `tarifsmsinternational`) VALUES
(1, 11, 450, 6000, 0, 0, 0, 0, 0, 0, 0, 0, 0, 0, 0, 0),
(2, 11, 100, 8100, 0, 0, 0, 0, 0, 0, 0, 0, 0, 0, 0, 0),
(2, 493, 25, 8100, 0, 0, 0, 0, 0, 0, 0, 0, 0, 0, 0, 0),
(3, 11, 150, 8101, 0, 0, 0, 0, 0, 0, 0, 0, 0, 0, 0, 0),
(3, 493, 50, 8101, 0, 0, 0, 0, 0, 0, 0, 0, 0, 0, 0, 0),
(4, 493, 100, 8102, 0, 0, 0, 0, 0, 0, 0, 0, 0, 0, 0, 0),
(5, 417, 500, 6080, 0, 1, 0, 4, 0, 0, 0, 1.5, 0, 0, 0, 0),
(5, 432, 300, 6073, 0, 0, 0, 0, 0, 0, 0, 0, 0, 0, 0, 0),
(5, 434, 25, 6075, 0, 0, 0, 0, 0, 0, 0, 0, 0, 0, 0, 0),
(5, 481, 600, 6100, 0, 0, 0, 0, 0, 0, 0, 0, 0, 0, 0, 0),
(6, 418, 1000, 6081, 0, 1, 0, 3.5, 0, 0, 0, 1.2, 0, 0, 0, 0),
(6, 432, 450, 6073, 0, 0, 0, 0, 0, 0, 0, 0, 0, 0, 0, 0),
(6, 434, 50, 6075, 0, 0, 0, 0, 0, 0, 0, 0, 0, 0, 0, 0),
(6, 481, 900, 6100, 0, 0, 0, 0, 0, 0, 0, 0, 0, 0, 0, 0),
(7, 420, 5000, 6083, 0, 1, 0, 2.8, 0, 0, 0, 1, 0, 0, 0, 0),
(7, 432, 1800, 6073, 0, 0, 0, 0, 0, 0, 0, 0, 0, 0, 0, 0),
(7, 434, 100, 6075, 0, 0, 0, 0, 0, 0, 0, 0, 0, 0, 0, 0),
(7, 481, 3600, 6100, 0, 0, 0, 0, 0, 0, 0, 0, 0, 0, 0, 0),
(8, 421, 10000, 6084, 0, 1, 0, 2.7, 0, 0, 0, 1, 0, 0, 0, 0),
(8, 432, 5400, 6073, 0, 0, 0, 0, 0, 0, 0, 0, 0, 0, 0, 0),
(8, 433, 600, 6074, 0, 0, 0, 0, 0, 0, 0, 0, 0, 0, 0, 0),
(8, 434, 200, 6075, 0, 0, 0, 0, 0, 0, 0, 0, 0, 0, 0, 0),
(8, 481, 10800, 6100, 0, 0, 0, 0, 0, 0, 0, 0, 0, 0, 0, 0),
(9, 422, 20000, 6085, 0, 1, 0, 4, 0, 0, 0, 0.65, 0, 0, 0, 0),
(9, 433, 900, 6074, 0, 0, 0, 0, 0, 0, 0, 0, 0, 0, 0, 0),
(9, 434, 300, 6075, 0, 0, 0, 0, 0, 0, 0, 0, 0, 0, 0, 0),
(10, 423, 3000, 6086, 0, 1, 0, 2.5, 0, 0, 0, 1, 0, 0, 0, 0),
(10, 432, 9000, 6073, 0, 0, 0, 0, 0, 0, 0, 0, 0, 0, 0, 0),
(10, 433, 1200, 6074, 0, 0, 0, 0, 0, 0, 0, 0, 0, 0, 0, 0),
(10, 434, 300, 6075, 0, 0, 0, 0, 0, 0, 0, 0, 0, 0, 0, 0),
(10, 481, 18000, 6100, 0, 0, 0, 0, 0, 0, 0, 0, 0, 0, 0, 0),
(11, 424, 100000, 6087, 0, 1, 0, 4, 0, 0, 0, 0.65, 0, 0, 0, 0),
(11, 433, 3600, 6074, 0, 0, 0, 0, 0, 0, 0, 0, 0, 0, 0, 0),
(11, 434, 400, 6075, 0, 0, 0, 0, 0, 0, 0, 0, 0, 0, 0, 0),
(12, 140, 100, 4024, 0, 0, 0, 0, 0, 0, 0, 0, 0, 0, 0, 0),
(13, 141, 1000, 4025, 0, 0, 0, 0, 0, 0, 0, 0, 0, 0, 0, 0),
(14, 255, 50, 6029, 0, 0, 0, 0, 0, 0, 0, 0, 0, 0, 0, 0),
(15, 200, 20000000, 3061, 0, 0, 0, 0, 0, 0, 0, 0, 0, 0, 0, 0),
(15, 202, 100000000, 3004, 0, 0, 0, 0, 0, 0, 0, 0, 0, 0, 0, 0),
(15, 412, 100000000, 3083, 0, 0, 0, 0, 0, 0, 0, 0, 0, 0, 0, 0),
(15, 416, 1000000000, 3085, 0, 0, 0, 0, 0, 0, 0, 0, 0, 0, 0, 0),
(16, 200, 20000000, 3061, 0, 0, 0, 0, 0, 0, 0, 0, 0, 0, 0, 0),
(16, 204, 10000000000, 3005, 0, 0, 0, 0, 0, 0, 0, 0, 0, 0, 0, 0),
(16, 412, 5000000000, 3083, 0, 0, 0, 0, 0, 0, 0, 0, 0, 0, 0, 0),
(16, 416, 1000000000, 3085, 0, 0, 0, 0, 0, 0, 0, 0, 0, 0, 0, 0),
(17, 206, 10000000, 3006, 0, 0, 0, 0, 0, 0, 0, 0, 0, 0, 0, 0),
(18, 200, 20000000, 3061, 0, 0, 0, 0, 0, 0, 0, 0, 0, 0, 0, 0),
(18, 208, 1000000000, 3007, 0, 0, 0, 0, 0, 0, 0, 0, 0, 0, 0, 0),
(18, 412, 1000000000, 3083, 0, 0, 0, 0, 0, 0, 0, 0, 0, 0, 0, 0),
(18, 416, 1000000000, 3085, 0, 0, 0, 0, 0, 0, 0, 0, 0, 0, 0, 0),
(19, 200, 20000000, 3061, 0, 0, 0, 0, 0, 0, 0, 0, 0, 0, 0, 0),
(19, 220, 500000000, 3013, 0, 0, 0, 0, 0, 0, 0, 0, 0, 0, 0, 0),
(19, 412, 500000000, 3083, 0, 0, 0, 0, 0, 0, 0, 0, 0, 0, 0, 0),
(19, 416, 1000000000, 3085, 0, 0, 0, 0, 0, 0, 0, 0, 0, 0, 0, 0),
(20, 200, 20000000, 3061, 0, 0, 0, 0, 0, 0, 0, 0, 0, 0, 0, 0),
(20, 222, 50000000000, 3014, 0, 0, 0, 0, 0, 0, 0, 0, 0, 0, 0, 0),
(21, 200, 20000000, 3061, 0, 0, 0, 0, 0, 0, 0, 0, 0, 0, 0, 0),
(21, 226, 5000000000, 3016, 0, 0, 0, 0, 0, 0, 0, 0, 0, 0, 0, 0),
(21, 412, 2500000000, 3083, 0, 0, 0, 0, 0, 0, 0, 0, 0, 0, 0, 0),
(21, 416, 1000000000, 3085, 0, 0, 0, 0, 0, 0, 0, 0, 0, 0, 0, 0),
(22, 200, 20000000, 3061, 0, 0, 0, 0, 0, 0, 0, 0, 0, 0, 0, 0),
(22, 407, 2000000000, 3082, 0, 0, 0, 0, 0, 0, 0, 0, 0, 0, 0, 0),
(22, 412, 1000000000, 3083, 0, 0, 0, 0, 0, 0, 0, 0, 0, 0, 0, 0),
(22, 416, 1000000000, 3085, 0, 0, 0, 0, 0, 0, 0, 0, 0, 0, 0, 0),
(23, 425, 500, 6088, 0, 1, 50, 1.38, 16.66, 0, 0, 0, 0, 0, 0, 0),
(23, 435, 360, 6076, 0, 0, 0, 0, 0, 0, 0, 0, 0, 0, 0, 0),
(23, 436, 10, 6077, 0, 0, 0, 0, 0, 0, 0, 0, 0, 0, 0, 0),
(24, 426, 1000, 6089, 0, 1, 40, 1.28, 16.66, 0, 0, 0, 0, 0, 0, 0),
(24, 435, 780, 6076, 0, 0, 0, 0, 0, 0, 0, 0, 0, 0, 0, 0),
(24, 436, 25, 6077, 0, 0, 0, 0, 0, 0, 0, 0, 0, 0, 0, 0),
(25, 427, 5000, 6090, 0, 1, 100, 1.38, 16.66, 0, 0, 0, 0, 0, 0, 0),
(25, 435, 3600, 6076, 0, 0, 0, 0, 0, 0, 0, 0, 0, 0, 0, 0),
(25, 436, 50, 6077, 0, 0, 0, 0, 0, 0, 0, 0, 0, 0, 0, 0),
(26, 428, 7500, 6091, 0, 1, 75, 1.38, 16.66, 0, 0, 0, 0, 0, 0, 0),
(26, 435, 5400, 6076, 0, 0, 0, 0, 0, 0, 0, 0, 0, 0, 0, 0),
(26, 436, 100, 6077, 0, 0, 0, 0, 0, 0, 0, 0, 0, 0, 0, 0),
(27, 429, 9500, 6092, 0, 1, 47.5, 1.31, 19, 0, 0, 0, 0, 0, 0, 0),
(27, 435, 7200, 6076, 0, 0, 0, 0, 0, 0, 0, 0, 0, 0, 0, 0),
(27, 436, 200, 6077, 0, 0, 0, 0, 0, 0, 0, 0, 0, 0, 0, 0),
(28, 430, 45000, 6093, 0, 1, 90, 1.25, 14.64, 0, 0, 0, 0, 0, 0, 0),
(28, 435, 36000, 6076, 0, 0, 0, 0, 0, 0, 0, 0, 0, 0, 0, 0),
(28, 436, 500, 6077, 0, 0, 0, 0, 0, 0, 0, 0, 0, 0, 0, 0),
(29, 431, 95000, 6094, 0, 1, 95, 1.14, 13.25, 0, 0, 0, 0, 0, 0, 0),
(29, 435, 82800, 6076, 0, 0, 0, 0, 0, 0, 0, 0, 0, 0, 0, 0),
(29, 436, 1000, 6077, 0, 0, 0, 0, 0, 0, 0, 0, 0, 0, 0, 0),
(30, 62, 300, 3066, 0, 0, 0, 0, 0, 0, 0, 0, 0, 0, 0, 0),
(30, 62, 300, 3116, 0, 0, 0, 0, 0, 0, 0, 0, 0, 0, 0, 0),
(30, 290, 20, 3066, 0, 0, 0, 0, 0, 0, 0, 0, 0, 0, 0, 0),
(30, 1012, 100, 3116, 0, 1, 0, 0, 0, 5, 0, 0, 0, 0, 5, 0),
(31, 64, 1800, 3068, 0, 0, 0, 0, 0, 0, 0, 0, 0, 0, 0, 0),
(31, 292, 20000, 3068, 0, 0, 0, 0, 0, 0, 0, 0, 0, 0, 0, 0),
(32, 1029, 7000000000, 3117, 0, 0, 0, 0, 0, 0, 0, 0, 0, 0, 0, 0),
(32, 1030, 70, 3117, 0, 0, 0, 0, 0, 0, 0, 0, 0, 0, 0, 0),
(32, 1031, 5400, 3117, 0, 0, 0, 0, 0, 0, 0, 0, 0, 0, 0, 0),
(33, 397, 400, 6072, 0, 0, 0, 0, 0, 0, 0, 0, 0, 0, 0, 0),
(33, 398, 20, 6072, 0, 0, 0, 0, 0, 0, 0, 0, 0, 0, 0, 0),
(34, 482, 15, 3105, 0, 0, 0, 0, 0, 0, 0, 0, 0, 0, 0, 0),
(35, 483, 30, 3106, 0, 0, 0, 0, 0, 0, 0, 0, 0, 0, 0, 0),
(36, 484, 100, 3107, 0, 0, 0, 0, 0, 0, 0, 0, 0, 0, 0, 0),
(37, 485, 500, 3108, 0, 0, 0, 0, 0, 0, 0, 0, 0, 0, 0, 0),
(38, 296, 300, 6051, 0, 0, 0, 0, 0, 0, 0, 0, 0, 0, 0, 0),
(39, 297, 900, 6052, 0, 0, 0, 0, 0, 0, 0, 0, 0, 0, 0, 0),
(40, 298, 2400, 6053, 0, 0, 0, 0, 0, 0, 0, 0, 0, 0, 0, 0),
(41, 497, 300, 6104, 0, 0, 0, 0, 0, 0, 0, 0, 0, 0, 0, 0),
(42, 498, 900, 6105, 0, 0, 0, 0, 0, 0, 0, 0, 0, 0, 0, 0),
(43, 44, 60000, 6017, 0, 0, 0, 0, 0, 0, 0, 0, 0, 0, 0, 0),
(44, 438, 10, 3086, 0, 0, 0, 0, 0, 0, 0, 0, 0, 0, 0, 0),
(45, 439, 50, 3087, 0, 0, 0, 0, 0, 0, 0, 0, 0, 0, 0, 0),
(46, 440, 100, 3088, 0, 0, 0, 0, 0, 0, 0, 0, 0, 0, 0, 0),
(47, 441, 500, 3089, 0, 0, 0, 0, 0, 0, 0, 0, 0, 0, 0, 0),
(48, 442, 1000, 3090, 0, 0, 0, 0, 0, 0, 0, 0, 0, 0, 0, 0),
(49, 443, 2000, 3091, 0, 0, 0, 0, 0, 0, 0, 0, 0, 0, 0, 0),
(50, 200, 20000000, 3061, 0, 0, 0, 0, 0, 0, 0, 0, 0, 0, 0, 0),
(50, 282, 50000000, 6038, 0, 0, 0, 0, 0, 0, 0, 0, 0, 0, 0, 0),
(50, 412, 25000000, 3083, 0, 0, 0, 0, 0, 0, 0, 0, 0, 0, 0, 0),
(51, 149, 15, 6028, 0, 0, 0, 0, 0, 0, 0, 0, 0, 0, 0, 0),
(51, 191, 1500, 6028, 0, 0, 0, 0, 0, 0, 0, 0, 0, 0, 0, 0),
(52, 419, 2000, 6082, 0, 1, 0, 4, 0, 0, 0, 0.65, 0, 0, 0, 0),
(52, 434, 100, 6075, 0, 0, 0, 0, 0, 0, 0, 0, 0, 0, 0, 0),
(53, 1000, 1000, 3110, 0, 0, 0, 0, 0, 0, 0, 0, 0, 0, 0, 0),
(53, 1001, 1800, 3110, 0, 0, 0, 0, 0, 0, 0, 0, 0, 0, 0, 0),
(54, 9, 1800, 6013, 0, 0, 0, 0, 0, 0, 0, 0, 0, 0, 0, 0),
(54, 14, 25, 6013, 0, 0, 0, 0, 0, 0, 0, 0, 0, 0, 0, 0),
(54, 26, 20, 6013, 0, 0, 0, 0, 0, 0, 0, 0, 0, 0, 0, 0),
(54, 258, 1000, 6013, 0, 0, 0, 0, 0, 0, 0, 0, 0, 0, 0, 0),
(55, 10, 3600, 6014, 0, 0, 0, 0, 0, 0, 0, 0, 0, 0, 0, 0),
(55, 15, 50, 6014, 0, 0, 0, 0, 0, 0, 0, 0, 0, 0, 0, 0),
(55, 27, 50, 6014, 0, 0, 0, 0, 0, 0, 0, 0, 0, 0, 0, 0),
(55, 258, 1000, 6014, 0, 0, 0, 0, 0, 0, 0, 0, 0, 0, 0, 0),
(56, 413, 10000, 3084, 0, 0, 0, 0, 0, 0, 0, 0, 0, 0, 0, 0),
(56, 414, 250, 3084, 0, 0, 0, 0, 0, 0, 0, 0, 0, 0, 0, 0),
(56, 415, 130, 3084, 0, 0, 0, 0, 0, 0, 0, 0, 0, 0, 0, 0),
(57, 504, 3600, 5000, 0, 0, 0, 0, 0, 0, 0, 0, 0, 0, 0, 0),
(58, 505, 10800, 5001, 0, 0, 0, 0, 0, 0, 0, 0, 0, 0, 0, 0),
(59, 506, 18000, 5002, 0, 0, 0, 0, 0, 0, 0, 0, 0, 0, 0, 0),
(60, 507, 36000, 5003, 0, 0, 0, 0, 0, 0, 0, 0, 0, 0, 0, 0),
(61, 508, 3600, 5004, 0, 0, 0, 0, 0, 0, 0, 0, 0, 0, 0, 0),
(62, 509, 10800, 5005, 0, 0, 0, 0, 0, 0, 0, 0, 0, 0, 0, 0),
(63, 510, 18000, 5006, 0, 0, 0, 0, 0, 0, 0, 0, 0, 0, 0, 0),
(64, 511, 36000, 5007, 0, 0, 0, 0, 0, 0, 0, 0, 0, 0, 0, 0),
(65, 515, 36000, 5011, 0, 0, 0, 0, 0, 0, 0, 0, 0, 0, 0, 0),
(66, 512, 3600, 5008, 0, 0, 0, 0, 0, 0, 0, 0, 0, 0, 0, 0),
(67, 513, 10800, 5009, 0, 0, 0, 0, 0, 0, 0, 0, 0, 0, 0, 0),
(68, 514, 18000, 5010, 0, 0, 0, 0, 0, 0, 0, 0, 0, 0, 0, 0),
(70, 516, 3600, 5012, 0, 0, 0, 0, 0, 0, 0, 0, 0, 0, 0, 0),
(71, 517, 3600, 5013, 0, 0, 0, 0, 0, 0, 0, 0, 0, 0, 0, 0),
(72, 518, 25, 5014, 0, 0, 0, 0, 0, 0, 0, 0, 0, 0, 0, 0),
(73, 519, 250, 5015, 0, 0, 0, 0, 0, 0, 0, 0, 0, 0, 0, 0),
(74, 520, 500, 5016, 0, 0, 0, 0, 0, 0, 0, 0, 0, 0, 0, 0),
(75, 521, 25, 5017, 0, 0, 0, 0, 0, 0, 0, 0, 0, 0, 0, 0),
(76, 522, 20, 5018, 0, 0, 0, 0, 0, 0, 0, 0, 0, 0, 0, 0),
(77, 523, 100, 5019, 0, 0, 0, 0, 0, 0, 0, 0, 0, 0, 0, 0),
(78, 524, 300, 5020, 0, 0, 0, 0, 0, 0, 0, 0, 0, 0, 0, 0),
(79, 525, 25, 5021, 0, 0, 0, 0, 0, 0, 0, 0, 0, 0, 0, 0),
(80, 527, 150, 5023, 0, 0, 0, 0, 0, 0, 0, 0, 0, 0, 0, 0),
(81, 528, 500, 5024, 0, 0, 0, 0, 0, 0, 0, 0, 0, 0, 0, 0),
(82, 539, 50, 5034, 0, 0, 0, 0, 0, 0, 0, 0, 0, 0, 0, 0),
(83, 529, 100, 5025, 0, 0, 0, 0, 0, 0, 0, 0, 0, 0, 0, 0),
(84, 530, 250, 5026, 0, 0, 0, 0, 0, 0, 0, 0, 0, 0, 0, 0),
(85, 531, 500, 5027, 0, 0, 0, 0, 0, 0, 0, 0, 0, 0, 0, 0),
(86, 533, 3000, 5029, 0, 0, 0, 0, 0, 0, 0, 0, 0, 0, 0, 0),
(87, 534, 5000, 5030, 0, 0, 0, 0, 0, 0, 0, 0, 0, 0, 0, 0),
(88, 550, 8000, 5047, 0, 0, 0, 0, 0, 0, 0, 0, 0, 0, 0, 0),
(89, 542, 10000, 5037, 0, 0, 0, 0, 0, 0, 0, 0, 0, 0, 0, 0),
(90, 551, 20000, 5048, 0, 0, 0, 0, 0, 0, 0, 0, 0, 0, 0, 0),
(91, 543, 30000, 5038, 0, 0, 0, 0, 0, 0, 0, 0, 0, 0, 0, 0),
(92, 552, 50000, 5049, 0, 0, 0, 0, 0, 0, 0, 0, 0, 0, 0, 0),
(93, 535, 1000, 5031, 0, 0, 0, 0, 0, 0, 0, 0, 0, 0, 0, 0),
(94, 536, 3000, 5032, 0, 0, 0, 0, 0, 0, 0, 0, 0, 0, 0, 0),
(95, 537, 5000, 5033, 0, 0, 0, 0, 0, 0, 0, 0, 0, 0, 0, 0),
(96, 200, 20000000, 3061, 0, 0, 0, 0, 0, 0, 0, 0, 0, 0, 0, 0),
(96, 540, 10000000, 5035, 0, 0, 0, 0, 0, 0, 0, 0, 0, 0, 0, 0),
(97, 200, 20000000, 3061, 0, 0, 0, 0, 0, 0, 0, 0, 0, 0, 0, 0),
(97, 541, 20000000, 5036, 0, 0, 0, 0, 0, 0, 0, 0, 0, 0, 0, 0),
(98, 200, 20000000, 3061, 0, 0, 0, 0, 0, 0, 0, 0, 0, 0, 0, 0),
(98, 544, 50000000, 5039, 0, 0, 0, 0, 0, 0, 0, 0, 0, 0, 0, 0),
(100, 299, 500, 6055, 0, 0, 0, 0, 0, 0, 0, 0, 0, 0, 0, 0),
(102, 300, 3000, 6056, 0, 0, 0, 0, 0, 0, 0, 0, 0, 0, 0, 0),
(104, 301, 100, 6057, 0, 0, 0, 0, 0, 0, 0, 0, 0, 0, 0, 0),
(105, 302, 500, 6058, 0, 0, 0, 0, 0, 0, 0, 0, 0, 0, 0, 0),
(106, 303, 1000, 6059, 0, 0, 0, 0, 0, 0, 0, 0, 0, 0, 0, 0),
(107, 304, 3000, 6060, 0, 0, 0, 0, 0, 0, 0, 0, 0, 0, 0, 0),
(108, 287, 300000, 6044, 0, 0, 0, 0, 0, 0, 0, 0, 0, 0, 0, 0),
(109, 288, 500000, 6045, 0, 0, 0, 0, 0, 0, 0, 0, 0, 0, 0, 0),
(110, 289, 1000000, 6046, 0, 0, 0, 0, 0, 0, 0, 0, 0, 0, 0, 0),
(112, 955, 12000, 5050, 0, 0, 0, 0, 0, 0, 0, 0, 0, 0, 0, 0),
(113, 956, 24000, 5051, 0, 0, 0, 0, 0, 0, 0, 0, 0, 0, 0, 0),
(114, 957, 60000, 5052, 0, 0, 0, 0, 0, 0, 0, 0, 0, 0, 0, 0),
(115, 958, 120000, 5053, 0, 0, 0, 0, 0, 0, 0, 0, 0, 0, 0, 0),
(116, 959, 180000, 5054, 0, 0, 0, 0, 0, 0, 0, 0, 0, 0, 0, 0),
(118, 532, 1000, 5028, 0, 0, 0, 0, 0, 0, 0, 0, 0, 0, 0, 0),
(119, 545, 7200, 5040, 0, 0, 0, 0, 0, 0, 0, 0, 0, 0, 0, 0),
(120, 546, 7200, 5041, 0, 0, 0, 0, 0, 0, 0, 0, 0, 0, 0, 0),
(121, 547, 7200, 5042, 0, 0, 0, 0, 0, 0, 0, 0, 0, 0, 0, 0),
(122, 548, 100, 5043, 0, 0, 0, 0, 0, 0, 0, 0, 0, 0, 0, 0),
(123, 549, 250, 5044, 0, 0, 0, 0, 0, 0, 0, 0, 0, 0, 0, 0),
(125, 526, 50, 5045, 0, 0, 0, 0, 0, 0, 0, 0, 0, 0, 0, 0),
(128, 500, 3600, 3064, 0, 0, 0, 0, 0, 0, 0, 0, 0, 0, 0, 0),
(128, 501, 1800, 3064, 0, 0, 0, 0, 0, 0, 0, 0, 0, 0, 0, 0),
(128, 502, 25, 3064, 0, 0, 0, 0, 0, 0, 0, 0, 0, 0, 0, 0),
(128, 503, 52428800, 3064, 0, 0, 0, 0, 0, 0, 0, 0, 0, 0, 0, 0),
(128, 538, 1800, 3064, 0, 0, 0, 0, 0, 0, 0, 0, 0, 0, 0, 0),
(133, 200, 20000000000, 3061, 0, 0, 0, 0, 0, 0, 0, 0, 0, 0, 0, 0),
(133, 1113, 100000000000, 3112, 0, 0, 0, 0, 0, 0, 0, 0, 0, 0, 0, 0),
(137, 200, 32000000000, 3061, 0, 0, 0, 0, 0, 0, 0, 0, 0, 0, 0, 0),
(137, 1114, 160000000000, 3113, 0, 0, 0, 0, 0, 0, 0, 0, 0, 0, 0, 0),
(140, 200, 50000000000, 3061, 0, 0, 0, 0, 0, 0, 0, 0, 0, 0, 0, 0),
(140, 1115, 250000000000, 3114, 0, 0, 0, 0, 0, 0, 0, 0, 0, 0, 0, 0),
(144, 36, 600, 2000, 0, 0, 0, 0, 0, 0, 0, 0, 0, 0, 0, 0),
(144, 39, 0, 2002, 0, 0, 0, 0, 0, 0, 0, 0, 0, 0, 0, 0),
(144, 1014, 0, 2071, 0, 0, 0, 0, 0, 0, 0, 0, 0, 0, 0, 0),
(159, 17, 450, 6036, 0, 0, 0, 0, 0, 0, 0, 0, 0, 0, 0, 0),
(160, 1010, 1000, 3111, 0, 0, 0, 0, 0, 0, 0, 0, 0, 0, 0, 0),
(160, 1011, 5400, 3111, 0, 0, 0, 0, 0, 0, 0, 0, 0, 0, 0, 0),
(190, 24, 100000000, 0, 0, 0, 0, 0, 0, 0, 0, 0, 0, 0, 0, 0),
(190, 26, 50000000, 0, 0, 0, 0, 0, 0, 0, 0, 0, 0, 0, 0, 0),
(191, 26, 200000000, 0, 0, 0, 0, 0, 0, 0, 0, 0, 0, 0, 0, 0),
(191, 200, 50000000, 0, 0, 0, 0, 0, 0, 0, 0, 0, 0, 0, 0, 0),
(192, 149, 30, 0, 0, 0, 0, 0, 0, 0, 0, 0, 0, 0, 0, 0),
(192, 486, 20, 0, 0, 0, 0, 0, 0, 0, 0, 0, 0, 0, 0, 0),
(192, 1012, 50, 0, 0, 0, 0, 0, 0, 0, 0, 0, 0, 0, 0, 0),
(197, 26, 300000000, 0, 0, 0, 0, 0, 0, 0, 0, 0, 0, 0, 0, 0),
(197, 62, 10000, 0, 0, 0, 0, 0, 0, 0, 0, 0, 0, 0, 0, 0),
(197, 290, 1000000000, 0, 0, 0, 0, 0, 0, 0, 0, 0, 0, 0, 0, 0),
(199, 320, 62000, 0, 0, 0, 0, 0, 0, 0, 0, 0, 0, 0, 0, 0),
(203, 9, 300, 0, 0, 0, 0, 0, 0, 0, 0, 0, 0, 0, 0, 0),
(203, 44, 200202, 0, 0, 0, 0, 0, 0, 0, 0, 0, 0, 0, 0, 0),
(203, 481, 1000, 0, 0, 0, 0, 0, 0, 0, 0, 0, 0, 0, 0, 0),
(203, 1012, 800, 0, 0, 0, 0, 0, 0, 0, 0, 0, 0, 0, 0, 0),
(203, 1014, 80008, 0, 0, 0, 0, 0, 0, 0, 0, 0, 0, 0, 0, 0);

-- --------------------------------------------------------

--
-- Structure de la table `monthly`
--

DROP TABLE IF EXISTS `monthly`;
CREATE TABLE IF NOT EXISTS `monthly` (
  `id` int(11) NOT NULL AUTO_INCREMENT,
  `nom` varchar(256) NOT NULL,
  `da` int(11) NOT NULL,
  `offerID` int(11) NOT NULL DEFAULT '-1',
  `isActive` tinyint(1) NOT NULL DEFAULT '0',
  `groups` varchar(256) DEFAULT NULL,
  `groupsrank` int(11) DEFAULT NULL,
  `groups1` varchar(256) DEFAULT NULL,
  `groupsrank1` int(11) NOT NULL DEFAULT '-1',
  `groups2` varchar(256) DEFAULT NULL,
  `groupsrank2` int(11) NOT NULL DEFAULT '-1',
  `groups3` varchar(256) DEFAULT NULL,
  `groupsrank3` int(11) NOT NULL DEFAULT '-1',
  PRIMARY KEY (`id`),
  KEY `da` (`da`)
) ENGINE=InnoDB AUTO_INCREMENT=144 DEFAULT CHARSET=latin1;

--
-- Déchargement des données de la table `monthly`
--

INSERT INTO `monthly` (`id`, `nom`, `da`, `offerID`, `isActive`, `groups`, `groupsrank`, `groups1`, `groupsrank1`, `groups2`, `groupsrank2`, `groups3`, `groupsrank3`) VALUES
(2, 'Forfait Appel intraflotte', 82, -1, 1, 'Forfait Flotte|Forfait Flotte|Fleet plan', 3, NULL, -1, NULL, -1, NULL, -1),
(3, 'Forfait appel intraflotte 1h', 600, -1, 1, 'Forfait Flotte|Forfait Flotte|Fleet plan', 3, NULL, -1, NULL, -1, NULL, -1),
(5, 'Forfait Appel vers Orange', 83, -1, 1, 'Forfait Orange|Forfait Orange|Orange plan', 4, NULL, -1, NULL, -1, NULL, -1),
(6, 'Forfait appel vers Orange 30mn', 601, -1, 1, 'Forfait Orange|Forfait Orange|Orange plan', 4, NULL, -1, NULL, -1, NULL, -1),
(7, 'Forfait Appel vers tout operateur ', 81, -1, 1, 'Forfait tout opérateur|Forfait tout opérateur|All operators plan', 5, NULL, -1, NULL, -1, NULL, -1),
(8, 'Forfait en Ariary 10000 Ar', 950, 6223, 1, 'Forfait en Ar|Forfait en Ar|Ar package', 2, NULL, -1, NULL, -1, NULL, -1),
(9, 'Forfait en Ariary 100000 Ar', 953, 6226, 1, 'Forfait en Ar|Forfait en Ar|Ar package', 2, NULL, -1, NULL, -1, NULL, -1),
(10, 'Forfait en Ariary 150000 Ar', 954, 6227, 1, 'Forfait en Ar|Forfait en Ar|Ar package', 2, NULL, -1, NULL, -1, NULL, -1),
(11, 'Forfait en Ariary 20000 Ar', 951, 6224, 1, 'Forfait en Ar|Forfait en Ar|Ar package', 2, NULL, -1, NULL, -1, NULL, -1),
(12, 'Forfait en Ariary 50000 Ar', 952, 6225, 1, 'Forfait en Ar|Forfait en Ar|Ar package', 2, NULL, -1, NULL, -1, NULL, -1),
(13, 'Forfait internet 100MB', 901, 4201, 1, 'Forfait Internet|Forfait Internet|Internet Plan', 1, NULL, -1, NULL, -1, NULL, -1),
(14, 'Forfait internet 10GB', 907, 4207, 1, 'Forfait Internet|Forfait Internet|Internet Plan', 1, NULL, -1, NULL, -1, NULL, -1),
(15, 'Forfait internet 1GB', 904, 4204, 1, 'Forfait Internet|Forfait Internet|Internet Plan', 1, NULL, -1, NULL, -1, NULL, -1),
(16, 'Forfait internet 20GB', 920, 4220, 1, 'Forfait Internet|Forfait Internet|Internet Plan', 1, NULL, -1, NULL, -1, NULL, -1),
(17, 'Forfait internet 250MB', 902, 4202, 1, 'Forfait Internet|Forfait Internet|Internet Plan', 1, NULL, -1, NULL, -1, NULL, -1),
(18, 'Forfait internet 30GB', 908, 4208, 1, 'Forfait Internet|Forfait Internet|Internet Plan', 1, NULL, -1, NULL, -1, NULL, -1),
(19, 'Forfait internet 3GB', 905, 4205, 1, 'Forfait Internet|Forfait Internet|Internet Plan', 1, NULL, -1, NULL, -1, NULL, -1),
(20, 'Forfait internet 500MB', 903, 4203, 1, 'Forfait Internet|Forfait Internet|Internet Plan', 1, NULL, -1, NULL, -1, NULL, -1),
(21, 'Forfait internet 500MB_0Ar', 918, 4218, 1, 'Forfait Internet|Forfait Internet|Internet Plan', 1, NULL, -1, NULL, -1, NULL, -1),
(22, 'Forfait internet 50GB', 921, 4221, 1, 'Forfait Internet|Forfait Internet|Internet Plan', 1, NULL, -1, NULL, -1, NULL, -1),
(23, 'Forfait internet 50MB', 900, 4200, 1, 'Forfait Internet|Forfait Internet|Internet Plan', 1, NULL, -1, NULL, -1, NULL, -1),
(24, 'Forfait internet 50Mo', 800, -1, 1, 'Forfait Internet|Forfait Internet|Internet Plan', 1, NULL, -1, NULL, -1, NULL, -1),
(25, 'Forfait internet 5GB', 906, 4206, 1, 'Forfait Internet|Forfait Internet|Internet Plan', 1, NULL, -1, NULL, -1, NULL, -1),
(26, 'Forfait internet 8GB', 919, 4219, 1, 'Forfait Internet|Forfait Internet|Internet Plan', 1, NULL, -1, NULL, -1, NULL, -1),
(27, 'Forfait SMS intraflotte', 54, -1, 1, 'Forfait Flotte|Forfait Flotte|Fleet plan', 3, NULL, -1, NULL, -1, NULL, -1),
(28, 'Forfait sms intraflotte 25', 700, -1, 1, 'Forfait Flotte|Forfait Flotte|Fleet plan', 3, NULL, -1, NULL, -1, NULL, -1),
(29, 'Forfait sms intraflotte 25', 702, 6212, 1, 'Forfait Flotte|Forfait Flotte|Fleet plan', 3, NULL, -1, NULL, -1, NULL, -1),
(30, 'Forfait sms intraflotte 250', 703, 6213, 1, 'Forfait Flotte|Forfait Flotte|Fleet plan', 3, NULL, -1, NULL, -1, NULL, -1),
(31, 'Forfait sms intraflotte 500', 704, 6214, 1, 'Forfait Flotte|Forfait Flotte|Fleet plan', 3, NULL, -1, NULL, -1, NULL, -1),
(32, 'Forfait sms vers tout operateur 25', 701, -1, 1, 'Forfait tout opérateur|Forfait tout opérateur|All operators plan', 5, NULL, -1, NULL, -1, NULL, -1),
(34, 'Forfait SMS vers Orange', 52, -1, 1, 'Forfait Orange|Forfait Orange|Orange plan', 4, NULL, -1, NULL, -1, NULL, -1),
(35, 'Forfait sms vers Orange 100', 707, 6217, 1, 'Forfait Orange|Forfait Orange|Orange plan', 4, NULL, -1, NULL, -1, NULL, -1),
(36, 'Forfait sms vers Orange 100 0Ar', 713, 6229, 1, 'Forfait Orange|Forfait Orange|Orange plan', 4, NULL, -1, NULL, -1, NULL, -1),
(37, 'Forfait sms vers Orange 25', 705, 6215, 1, 'Forfait Orange|Forfait Orange|Orange plan', 4, NULL, -1, NULL, -1, NULL, -1),
(38, 'Forfait sms vers Orange 250', 716, -1, 1, 'Forfait Orange|Forfait Orange|Orange plan', 4, NULL, -1, NULL, -1, NULL, -1),
(39, 'Forfait sms vers Orange 300', 708, 6218, 1, 'Forfait Orange|Forfait Orange|Orange plan', 4, NULL, -1, NULL, -1, NULL, -1),
(40, 'Forfait sms vers Orange 50', 706, 6216, 1, 'Forfait Orange|Forfait Orange|Orange plan', 4, NULL, -1, NULL, -1, NULL, -1),
(41, 'Forfait SMS vers tout operateur ', 51, -1, 1, 'Forfait tout opérateur|Forfait tout opérateur|All operators plan', 5, NULL, -1, NULL, -1, NULL, -1),
(42, 'Forfait sms vers tout operateur 100', 714, 6233, 1, 'Forfait tout opérateur|Forfait tout opérateur|All operators plan', 5, NULL, -1, NULL, -1, NULL, -1),
(43, 'Forfait sms vers tout operateur 150', 711, 6221, 1, 'Forfait tout opérateur|Forfait tout opérateur|All operators plan', 5, NULL, -1, NULL, -1, NULL, -1),
(44, 'Forfait sms vers tout operateur 25', 709, 6219, 1, 'Forfait tout opérateur|Forfait tout opérateur|All operators plan', 5, NULL, -1, NULL, -1, NULL, -1),
(45, 'Forfait sms vers tout operateur 250', 715, 6234, 1, 'Forfait tout opérateur|Forfait tout opérateur|All operators plan', 5, NULL, -1, NULL, -1, NULL, -1),
(46, 'Forfait sms vers tout operateur 50', 710, 6220, 1, 'Forfait tout opérateur|Forfait tout opérateur|All operators plan', 5, NULL, -1, NULL, -1, NULL, -1),
(47, 'Forfait sms vers tout operateur 500', 712, 6222, 1, 'Forfait tout opérateur|Forfait tout opérateur|All operators plan', 5, NULL, -1, NULL, -1, NULL, -1),
(48, 'Forfait voix intraflotte 10h', 605, 6203, 1, 'Forfait Flotte|Forfait Flotte|Fleet plan', 3, NULL, -1, NULL, -1, NULL, -1),
(49, 'Forfait voix intraflotte 1h', 602, 6200, 1, 'Forfait Flotte|Forfait Flotte|Fleet plan', 3, NULL, -1, NULL, -1, NULL, -1),
(50, 'Forfait voix intraflotte 2h', 615, 6230, 1, 'Forfait Flotte|Forfait Flotte|Fleet plan', 3, NULL, -1, NULL, -1, NULL, -1),
(51, 'Forfait voix intraflotte 3h', 603, 6201, 1, 'Forfait Flotte|Forfait Flotte|Fleet plan', 3, NULL, -1, NULL, -1, NULL, -1),
(52, 'Forfait voix intraflotte 3h_0Ar', 614, 6228, 1, 'Forfait Flotte|Forfait Flotte|Fleet plan', 3, NULL, -1, NULL, -1, NULL, -1),
(53, 'Forfait voix intraflotte 5h', 604, 6202, 1, 'Forfait Flotte|Forfait Flotte|Fleet plan', 3, NULL, -1, NULL, -1, NULL, -1),
(54, 'Forfait voix vers Chine 1h', 618, 6235, 1, 'Forfait tout opérateur|Forfait tout opérateur|All operators plan', 5, NULL, -1, NULL, -1, NULL, -1),
(55, 'Forfait voix vers Inde 1h', 619, 6236, 1, 'Forfait tout opérateur|Forfait tout opérateur|All operators plan', 5, NULL, -1, NULL, -1, NULL, -1),
(56, 'Forfait voix vers Orange 10h', 609, 6207, 1, 'Forfait Orange|Forfait Orange|Orange plan', 4, NULL, -1, NULL, -1, NULL, -1),
(57, 'Forfait voix vers Orange 1h', 606, 6204, 1, 'Forfait Orange|Forfait Orange|Orange plan', 4, NULL, -1, NULL, -1, NULL, -1),
(58, 'Forfait voix vers Orange 2h', 616, 6231, 1, 'Forfait Orange|Forfait Orange|Orange plan', 4, NULL, -1, NULL, -1, NULL, -1),
(59, 'Forfait voix vers Orange 3h', 607, 6205, 1, 'Forfait Orange|Forfait Orange|Orange plan', 4, NULL, -1, NULL, -1, NULL, -1),
(60, 'Forfait voix vers Orange 5h', 608, 6206, 1, 'Forfait Orange|Forfait Orange|Orange plan', 4, NULL, -1, NULL, -1, NULL, -1),
(61, 'Forfait voix vers tout operateur 1h', 611, 6209, 1, 'Forfait tout opérateur|Forfait tout opérateur|All operators plan', 5, NULL, -1, NULL, -1, NULL, -1),
(62, 'Forfait voix vers tout operateur 2h', 617, 6232, 1, 'Forfait tout opérateur|Forfait tout opérateur|All operators plan', 5, NULL, -1, NULL, -1, NULL, -1),
(63, 'Forfait voix vers tout operateur 30mn', 610, 6208, 1, 'Forfait tout opérateur|Forfait tout opérateur|All operators plan', 5, NULL, -1, NULL, -1, NULL, -1),
(64, 'Forfait voix vers tout operateur 3h', 612, 6210, 1, 'Forfait tout opérateur|Forfait tout opérateur|All operators plan', 5, NULL, -1, NULL, -1, NULL, -1),
(65, 'Forfait voix vers tout operateur 5h', 613, 6211, 1, 'Forfait tout opérateur|Forfait tout opérateur|All operators plan', 5, NULL, -1, NULL, -1, NULL, -1),
(66, 'Go\'Net 10Go', 451, 4081, 1, 'Forfait Internet|Forfait Internet|Internet Plan', 1, NULL, -1, NULL, -1, NULL, -1),
(67, 'Go\'Net 1Go', 447, 4077, 1, 'Forfait Internet|Forfait Internet|Internet Plan', 1, NULL, -1, NULL, -1, NULL, -1),
(68, 'Go\'Net 20Go', 452, 4082, 1, 'Forfait Internet|Forfait Internet|Internet Plan', 1, NULL, -1, NULL, -1, NULL, -1),
(69, 'Go\'Net 250Mo', 445, 4075, 1, 'Forfait Internet|Forfait Internet|Internet Plan', 1, NULL, -1, NULL, -1, NULL, -1),
(70, 'Go\'Net 30 Go', 453, 4083, 1, 'Forfait Internet|Forfait Internet|Internet Plan', 1, NULL, -1, NULL, -1, NULL, -1),
(71, 'Go\'Net 3Go', 448, 4078, 1, 'Forfait Internet|Forfait Internet|Internet Plan', 1, NULL, -1, NULL, -1, NULL, -1),
(72, 'Go\'Net 500Mo', 446, 4076, 1, 'Forfait Internet|Forfait Internet|Internet Plan', 1, NULL, -1, NULL, -1, NULL, -1),
(73, 'Go\'Net 50Go', 454, 4084, 1, 'Forfait Internet|Forfait Internet|Internet Plan', 1, NULL, -1, NULL, -1, NULL, -1),
(74, 'Go\'Net 5Go', 449, 4079, 1, 'Forfait Internet|Forfait Internet|Internet Plan', 1, NULL, -1, NULL, -1, NULL, -1),
(75, 'Go\'Net 8Go', 450, 4080, 1, 'Forfait Internet|Forfait Internet|Internet Plan', 1, NULL, -1, NULL, -1, NULL, -1),
(76, 'Open\'net 10GO-i', 913, 4213, 1, 'Forfait Internet|Forfait Internet|Internet Plan', 1, NULL, -1, NULL, -1, NULL, -1),
(77, 'Open\'net 1GO-i', 909, 4209, 1, 'Forfait Internet|Forfait Internet|Internet Plan', 1, NULL, -1, NULL, -1, NULL, -1),
(78, 'Open\'net 250MO-i', 912, 4212, 1, 'Forfait Internet|Forfait Internet|Internet Plan', 1, NULL, -1, NULL, -1, NULL, -1),
(79, 'Open\'net 3GO-i', 910, 4210, 1, 'Forfait Internet|Forfait Internet|Internet Plan', 1, NULL, -1, NULL, -1, NULL, -1),
(80, 'Open\'net 50GO-i', 914, 4214, 1, 'Forfait Internet|Forfait Internet|Internet Plan', 1, NULL, -1, NULL, -1, NULL, -1),
(81, 'Open\'net 5GO-i', 911, 4211, 1, 'Forfait Internet|Forfait Internet|Internet Plan', 1, NULL, -1, NULL, -1, NULL, -1),
(82, 'Orangenet 100MB', 114, 4004, 1, 'Forfait Internet|Forfait Internet|Internet Plan', 1, NULL, -1, NULL, -1, NULL, -1),
(83, 'Orangenet 10GB', 116, 4006, 1, 'Forfait Internet|Forfait Internet|Internet Plan', 1, NULL, -1, NULL, -1, NULL, -1),
(84, 'Orangenet 11GB', 124, 4014, 1, 'Forfait Internet|Forfait Internet|Internet Plan', 1, NULL, -1, NULL, -1, NULL, -1),
(85, 'Orangenet 1GB', 122, 4012, 1, 'Forfait Internet|Forfait Internet|Internet Plan', 1, NULL, -1, NULL, -1, NULL, -1),
(86, 'Orangenet 20GB', 125, 4015, 1, 'Forfait Internet|Forfait Internet|Internet Plan', 1, NULL, -1, NULL, -1, NULL, -1),
(87, 'Orangenet 20MB', 115, 4005, 1, 'Forfait Internet|Forfait Internet|Internet Plan', 1, NULL, -1, NULL, -1, NULL, -1),
(88, 'Orangenet 250MB', 117, 4007, 1, 'Forfait Internet|Forfait Internet|Internet Plan', 1, NULL, -1, NULL, -1, NULL, -1),
(89, 'Orangenet 30GB', 111, 4001, 1, 'Forfait Internet|Forfait Internet|Internet Plan', 1, NULL, -1, NULL, -1, NULL, -1),
(90, 'Orangenet 3GB', 121, 4011, 1, 'Forfait Internet|Forfait Internet|Internet Plan', 1, NULL, -1, NULL, -1, NULL, -1),
(91, 'Orangenet 400MB', 118, 4008, 1, 'Forfait Internet|Forfait Internet|Internet Plan', 1, NULL, -1, NULL, -1, NULL, -1),
(92, 'Orangenet 500MB', 119, 4009, 1, 'Forfait Internet|Forfait Internet|Internet Plan', 1, NULL, -1, NULL, -1, NULL, -1),
(93, 'Orangenet 50GB', 112, 4002, 1, 'Forfait Internet|Forfait Internet|Internet Plan', 1, NULL, -1, NULL, -1, NULL, -1),
(94, 'Orangenet 50MB', 113, 4003, 1, 'Forfait Internet|Forfait Internet|Internet Plan', 1, NULL, -1, NULL, -1, NULL, -1),
(95, 'Orangenet 5GB', 127, 4017, 1, 'Forfait Internet|Forfait Internet|Internet Plan', 1, NULL, -1, NULL, -1, NULL, -1),
(96, 'Orangenet 750MB', 120, 4010, 1, 'Forfait Internet|Forfait Internet|Internet Plan', 1, NULL, -1, NULL, -1, NULL, -1),
(97, 'Orangenet 8GB', 126, 4016, 1, 'Forfait Internet|Forfait Internet|Internet Plan', 1, NULL, -1, NULL, -1, NULL, -1),
(98, 'Orangenet illimite', 123, 4013, 1, 'Forfait Internet|Forfait Internet|Internet Plan', 1, NULL, -1, NULL, -1, NULL, -1),
(133, 'Forfait en Ariary 50000 Ar', 41, -1, 1, 'Forfait en Ar|Forfait en Ar|Ar package', 2, NULL, -1, NULL, -1, NULL, -1),
(143, 'TESTA ndrek', 41, -1, 0, 'Forfait en Ar|Forfait en Ar|Ar package', 1, 'Miova groups1', 3, 'Miova groups2', 2, 'Miova ho groups3', 1);

-- --------------------------------------------------------

--
-- Structure de la table `offerelementaire`
--

DROP TABLE IF EXISTS `offerelementaire`;
CREATE TABLE IF NOT EXISTS `offerelementaire` (
  `DA` int(11) NOT NULL,
  `typeInfoConso` varchar(32) NOT NULL COMMENT 'rest or consumed',
  `nature` varchar(64) NOT NULL,
  `typeOffer` varchar(16) NOT NULL COMMENT 'BONUS, FORFAIT',
  `unit` int(11) DEFAULT NULL,
  PRIMARY KEY (`DA`),
  KEY `unit` (`unit`)
) ENGINE=InnoDB DEFAULT CHARSET=latin1;

--
-- Déchargement des données de la table `offerelementaire`
--

INSERT INTO `offerelementaire` (`DA`, `typeInfoConso`, `nature`, `typeOffer`, `unit`) VALUES
(9, 'REST', 'ALLOWA', 'FORFAIT', 3),
(10, 'REST', 'ALLOWA', 'FORFAIT', 3),
(11, 'REST', 'SMS_ORANGE', 'FORFAIT', 1),
(14, 'REST', 'SMS_ORANGE', 'FORFAIT', 1),
(15, 'REST', 'SMS_ORANGE', 'FORFAIT', 1),
(17, 'REST', 'SMS_NATIONAL', 'FORFAIT', 1),
(24, 'REST', 'FACEBOOK', 'FORFAIT', 4),
(25, 'REST', 'FACEBOOK', 'FORFAIT', 4),
(26, 'REST', 'INTERNET', 'FORFAIT', 4),
(27, 'REST', 'INTERNET', 'FORFAIT', 4),
(36, 'REST', 'APPEL_ORANGE', 'BONUS', 3),
(39, 'REST', 'SMS_ORANGE', 'BONUS', 1),
(41, 'REST', 'MONEY', 'FORFAIT', 2),
(43, 'REST', 'APPEL_SMS_INTERNATIONAL', 'FORFAIT', 2),
(44, 'REST', 'APPEL_INTERNATIONAL', 'FORFAIT', 2),
(45, 'REST', 'APPEL_SMS_INTERNATIONAL', 'FORFAIT', 2),
(48, 'REST', 'APPEL_SMS_DATA_ROAMING', 'FORFAIT', 2),
(49, 'REST', 'APPEL_SMS_ROAMING', 'FORFAIT', 2),
(51, 'REST', 'SMS_NATIONAL', 'FORFAIT', 1),
(52, 'REST', 'SMS_ORANGE', 'FORFAIT', 1),
(54, 'REST', 'SMS_FLOTTE', 'FORFAIT', 1),
(55, 'REST', 'SMS_NATIONAL', 'FORFAIT', 1),
(62, 'REST', 'APPEL_FAF', 'FORFAIT', 3),
(63, 'REST', 'APPEL_FAF', 'BONUS', 3),
(64, 'REST', 'APPEL_FAF', 'BONUS', 3),
(81, 'REST', 'APPEL_NATIONAL', 'FORFAIT', 3),
(82, 'REST', 'APPEL_FLOTTE', 'FORFAIT', 3),
(83, 'REST', 'APPEL_ORANGE', 'FORFAIT', 3),
(84, 'REST', 'APPEL_SMS_DATA', 'FORFAIT', 2),
(99, 'REST', 'FACEBOOK_FLEX', 'FORFAIT', 4),
(111, 'REST', 'INTERNET', 'FORFAIT', 4),
(112, 'REST', 'INTERNET', 'FORFAIT', 4),
(113, 'REST', 'INTERNET', 'FORFAIT', 4),
(114, 'REST', 'INTERNET', 'FORFAIT', 4),
(115, 'REST', 'INTERNET', 'FORFAIT', 4),
(116, 'REST', 'INTERNET', 'FORFAIT', 4),
(117, 'REST', 'INTERNET', 'FORFAIT', 4),
(118, 'REST', 'INTERNET', 'FORFAIT', 4),
(119, 'REST', 'INTERNET', 'FORFAIT', 4),
(120, 'REST', 'INTERNET', 'FORFAIT', 4),
(121, 'REST', 'INTERNET', 'FORFAIT', 4),
(122, 'REST', 'INTERNET', 'FORFAIT', 4),
(123, 'REST', 'INTERNET_ILLIMITE', 'FORFAIT', 4),
(124, 'REST', 'INTERNET', 'FORFAIT', 4),
(125, 'REST', 'INTERNET', 'FORFAIT', 4),
(126, 'REST', 'INTERNET', 'FORFAIT', 4),
(127, 'REST', 'INTERNET', 'FORFAIT', 4),
(140, 'REST', 'INTERNET', 'FORFAIT', 4),
(141, 'REST', 'INTERNET', 'FORFAIT', 4),
(142, 'REST', 'SMS_NATIONAL', 'FORFAIT', 1),
(143, 'REST', 'SMS_ORANGE', 'FORFAIT', 1),
(149, 'REST', 'SMS', 'FORFAIT', 1),
(171, 'REST', 'APPEL_ORANGE', 'BONUS', 3),
(179, 'REST', 'APPEL_ORANGE', 'BONUS', 2),
(180, 'REST', 'APPEL_ORANGE', 'BONUS', 2),
(181, 'REST', 'APPEL_ORANGE', 'BONUS', 2),
(182, 'REST', 'APPEL_ORANGE', 'BONUS', 2),
(183, 'REST', 'APPEL_ORANGE', 'BONUS', 2),
(184, 'REST', 'APPEL_ORANGE', 'FORFAIT', 2),
(191, 'REST', 'APPEL_INTERNATIONAL', 'FORFAIT', 3),
(200, 'REST', 'INTERNET_BONUS', 'BONUS', 4),
(201, 'REST', 'INTERNET', 'BONUS', 4),
(202, 'REST', 'INTERNET', 'FORFAIT', 4),
(204, 'REST', 'INTERNET', 'FORFAIT', 4),
(205, 'REST', 'INTERNET', 'FORFAIT', 4),
(206, 'REST', 'INTERNET', 'FORFAIT', 4),
(208, 'REST', 'INTERNET', 'FORFAIT', 4),
(220, 'REST', 'INTERNET', 'FORFAIT', 4),
(222, 'REST', 'INTERNET', 'FORFAIT', 4),
(226, 'REST', 'INTERNET', 'FORFAIT', 4),
(255, 'REST', 'INTERNET', 'FORFAIT', 4),
(257, 'REST', 'WIKI', 'FORFAIT', 4),
(258, 'REST', 'WIKI', 'FORFAIT', 4),
(282, 'REST', 'INTERNET', 'FORFAIT', 4),
(287, 'REST', 'MONEY', 'FORFAIT', 2),
(288, 'REST', 'MONEY', 'FORFAIT', 2),
(289, 'REST', 'MONEY', 'FORFAIT', 2),
(290, 'REST', 'FACEBOOK_ILIMITE', 'FORFAIT', 4),
(291, 'REST', 'FACEBOOK_ILIMITE', 'FORFAIT', 4),
(292, 'REST', 'FACEBOOK_ILIMITE', 'FORFAIT', 4),
(296, 'REST', 'APPEL_INTERNATIONAL', 'FORFAIT', 3),
(297, 'REST', 'APPEL_INTERNATIONAL', 'FORFAIT', 3),
(298, 'REST', 'APPEL_INTERNATIONAL', 'FORFAIT', 3),
(299, 'REST', 'INTERNET', 'FORFAIT', 4),
(300, 'REST', 'INTERNET', 'FORFAIT', 4),
(301, 'REST', 'INTERNET', 'FORFAIT', 4),
(302, 'REST', 'INTERNET', 'FORFAIT', 4),
(303, 'REST', 'INTERNET', 'FORFAIT', 4),
(304, 'REST', 'INTERNET', 'FORFAIT', 4),
(314, 'REST', 'APPEL_ORANGE', 'BONUS', 3),
(315, 'REST', 'APPEL_NATIONAL', 'BONUS', 3),
(316, 'REST', 'SMS_ORANGE', 'BONUS', 1),
(317, 'REST', 'SMS_NATIONAL', 'FORFAIT', 1),
(320, 'REST', 'APPEL_SMS_NATIONAL', 'FORFAIT', 2),
(321, 'REST', 'APPEL_SMS_INTERNATIONAL', 'FORFAIT', 2),
(397, 'REST', 'WANNA_NIGHT', 'FORFAIT', 2),
(398, 'REST', 'SMS_FAF', 'BONUS', 1),
(407, 'REST', 'INTERNET', 'FORFAIT', 4),
(412, 'REST', 'INTERNET_BONUS_NUIT', 'BONUS', 4),
(413, 'REST', 'MONEY', 'FORFAIT', 2),
(414, 'REST', 'SMS_ORANGE', 'FORFAIT', 1),
(415, 'REST', 'INTERNET', 'FORFAIT', 4),
(416, 'REST', 'WIKI', 'BONUS', 4),
(417, 'REST', 'BE', 'FORFAIT', 2),
(418, 'REST', 'BE', 'FORFAIT', 2),
(419, 'REST', 'BE', 'FORFAIT', 2),
(420, 'REST', 'BE', 'FORFAIT', 2),
(421, 'REST', 'BE', 'FORFAIT', 2),
(422, 'REST', 'BE', 'FORFAIT', 2),
(423, 'REST', 'BE', 'FORFAIT', 2),
(424, 'REST', 'BE', 'FORFAIT', 2),
(425, 'REST', 'WANNA', 'FORFAIT', 2),
(426, 'REST', 'WANNA', 'FORFAIT', 2),
(427, 'REST', 'WANNA', 'FORFAIT', 2),
(428, 'REST', 'WANNA', 'FORFAIT', 2),
(429, 'REST', 'WANNA', 'FORFAIT', 2),
(430, 'REST', 'WANNA', 'FORFAIT', 2),
(431, 'REST', 'WANNA', 'FORFAIT', 2),
(432, 'REST', 'APPEL_FAF', 'BONUS ', 3),
(433, 'REST', 'APPEL_INTERNATIONAL', 'BONUS', 3),
(434, 'REST', 'SMS_ORANGE', 'BONUS', 1),
(435, 'REST', 'APPEL_FAF', 'BONUS', 3),
(436, 'REST', 'SMS_ORANGE', 'BONUS', 1),
(438, 'REST', 'E_BOOKS', 'FORFAIT', 4),
(439, 'REST', 'E_BOOKS', 'FORFAIT', 4),
(440, 'REST', 'E_BOOKS', 'FORFAIT', 4),
(441, 'REST', 'E_BOOKS', 'FORFAIT', 4),
(442, 'REST', 'E_BOOKS', 'FORFAIT', 4),
(443, 'REST', 'E_BOOKS', 'FORFAIT', 4),
(445, 'REST', 'INTERNET', 'FORFAIT', 4),
(446, 'REST', 'INTERNET', 'FORFAIT', 4),
(447, 'REST', 'INTERNET', 'FORFAIT', 4),
(448, 'REST', 'INTERNET', 'FORFAIT', 4),
(449, 'REST', 'INTERNET', 'FORFAIT', 4),
(450, 'REST', 'INTERNET', 'FORFAIT', 4),
(451, 'REST', 'INTERNET', 'FORFAIT', 4),
(452, 'REST', 'INTERNET', 'FORFAIT', 4),
(453, 'REST', 'INTERNET', 'FORFAIT', 4),
(454, 'REST', 'INTERNET', 'FORFAIT', 4),
(481, 'REST', 'APPEL_FAF_NUIT', 'BONUS', 3),
(482, 'REST', 'MADABOOKY', 'FORFAIT', 4),
(483, 'REST', 'MADABOOKY', 'FORFAIT', 4),
(484, 'REST', 'MADABOOKY', 'FORFAIT', 4),
(485, 'REST', 'MADABOOKY', 'FORFAIT', 4),
(486, 'REST', 'FACEBOOK', 'BONUS', 4),
(493, 'REST', 'SMS_NATIONAL', 'FORFAIT', 1),
(497, 'REST', 'APPEL_INTERNATIONAL', 'FORFAIT', 3),
(498, 'REST', 'APPEL_INTERNATIONAL', 'FORFAIT', 3),
(500, 'REST', 'APPEL_FLOTTE', 'FORFAIT', 3),
(501, 'REST', 'APPEL_ORANGE', 'FORFAIT', 3),
(502, 'REST', 'SMS_NATIONAL', 'FORFAIT', 1),
(503, 'REST', 'INTERNET', 'FORFAIT', 4),
(504, 'REST', 'APPEL_FLOTTE', 'FORFAIT', 3),
(505, 'REST', 'APPEL_FLOTTE', 'FORFAIT', 3),
(506, 'REST', 'APPEL_FLOTTE', 'FORFAIT', 3),
(507, 'REST', 'APPEL_FLOTTE', 'FORFAIT', 3),
(508, 'REST', 'APPEL_ORANGE', 'FORFAIT', 3),
(509, 'REST', 'APPEL_ORANGE', 'FORFAIT', 3),
(510, 'REST', 'APPEL_ORANGE', 'FORFAIT', 3),
(511, 'REST', 'APPEL_ORANGE', 'FORFAIT', 3),
(512, 'REST', 'APPEL_NATIONAL', 'FORFAIT', 3),
(513, 'REST', 'APPEL_NATIONAL', 'FORFAIT', 3),
(514, 'REST', 'APPEL_NATIONAL', 'FORFAIT', 3),
(515, 'REST', 'APPEL_NATIONAL', 'FORFAIT', 3),
(516, 'REST', 'APPEL_CHINE', 'FORFAIT', 3),
(517, 'REST', 'APPEL_INDE', 'FORFAIT', 3),
(518, 'REST', 'SMS_FLOTTE', 'FORFAIT', 1),
(519, 'REST', 'SMS_FLOTTE', 'FORFAIT', 1),
(520, 'REST', 'SMS_FLOTTE', 'FORFAIT', 1),
(521, 'REST', 'SMS_ORANGE', 'FORFAIT', 1),
(522, 'REST', 'SMS_ORANGE', 'FORFAIT', 1),
(523, 'REST', 'SMS_ORANGE', 'FORFAIT', 1),
(524, 'REST', 'SMS_ORANGE', 'FORFAIT', 1),
(525, 'REST', 'SMS_NATIONAL', 'FORFAIT', 1),
(526, 'REST', 'SMS_NATIONAL', 'FORFAIT', 1),
(527, 'REST', 'SMS_NATIONAL', 'FORFAIT', 1),
(528, 'REST', 'SMS_NATIONAL', 'FORFAIT', 1),
(529, 'REST', 'INTERNET', 'FORFAIT', 4),
(530, 'REST', 'INTERNET', 'FORFAIT', 4),
(531, 'REST', 'INTERNET', 'FORFAIT', 4),
(532, 'REST', 'INTERNET', 'FORFAIT', 4),
(533, 'REST', 'INTERNET', 'FORFAIT', 4),
(534, 'REST', 'INTERNET', 'FORFAIT', 4),
(535, 'REST', 'INTERNET_ILLIMITE', 'FORFAIT', 4),
(536, 'REST', 'INTERNET_ILLIMITE', 'FORFAIT', 4),
(537, 'REST', 'INTERNET_ILLIMITE', 'FORFAIT', 4),
(538, 'REST', 'APPEL_NATIONAL', 'FORFAIT', 3),
(539, 'REST', 'INTERNET', 'FORFAIT', 4),
(540, 'REST', 'INTERNET', 'FORFAIT', 4),
(541, 'REST', 'INTERNET', 'FORFAIT', 4),
(542, 'REST', 'INTERNET', 'FORFAIT', 4),
(543, 'REST', 'INTERNET', 'FORFAIT', 4),
(544, 'REST', 'INTERNET', 'FORFAIT', 4),
(545, 'REST', 'APPEL_FLOTTE', 'FORFAIT', 3),
(546, 'REST', 'APPEL_ORANGE', 'FORFAIT', 3),
(547, 'REST', 'APPEL_NATIONAL', 'FORFAIT', 3),
(548, 'REST', 'SMS_NATIONAL', 'FORFAIT', 1),
(549, 'REST', 'SMS_NATIONAL', 'FORFAIT', 1),
(550, 'REST', 'INTERNET', 'FORFAIT', 4),
(551, 'REST', 'INTERNET', 'FORFAIT', 4),
(552, 'REST', 'INTERNET', 'FORFAIT', 4),
(600, 'REST', 'APPEL_FLOTTE', 'FORFAIT', 3),
(601, 'REST', 'APPEL_ORANGE', 'FORFAIT', 3),
(602, 'REST', 'APPEL_FLOTTE', 'FORFAIT', 3),
(603, 'REST', 'APPEL_FLOTTE', 'FORFAIT', 3),
(604, 'REST', 'APPEL_FLOTTE', 'FORFAIT', 3),
(605, 'REST', 'APPEL_FLOTTE', 'FORFAIT', 3),
(606, 'REST', 'APPEL_ORANGE', 'FORFAIT', 3),
(607, 'REST', 'APPEL_ORANGE', 'FORFAIT', 3),
(608, 'REST', 'APPEL_ORANGE', 'FORFAIT', 3),
(609, 'REST', 'APPEL_ORANGE', 'FORFAIT', 3),
(610, 'REST', 'APPEL_NATIONAL', 'FORFAIT', 3),
(611, 'REST', 'APPEL_NATIONAL', 'FORFAIT', 3),
(612, 'REST', 'APPEL_NATIONAL', 'FORFAIT', 3),
(613, 'REST', 'APPEL_NATIONAL', 'FORFAIT', 3),
(614, 'REST', 'APPEL_FLOTTE', 'FORFAIT', 3),
(615, 'REST', 'APPEL_FLOTTE', 'FORFAIT', 3),
(616, 'REST', 'APPEL_ORANGE', 'FORFAIT', 3),
(617, 'REST', 'APPEL_NATIONAL', 'FORFAIT', 3),
(618, 'REST', 'APPEL_CHINE', 'FORFAIT', 3),
(619, 'REST', 'APPEL_INDE', 'FORFAIT', 3),
(700, 'REST', 'SMS_FLOTTE', 'FORFAIT', 1),
(701, 'REST', 'SMS_NATIONAL', 'FORFAIT', 1),
(702, 'REST', 'SMS_FLOTTE', 'FORFAIT', 1),
(703, 'REST', 'SMS_FLOTTE', 'FORFAIT', 1),
(704, 'REST', 'SMS_FLOTTE', 'FORFAIT', 1),
(705, 'REST', 'SMS_ORANGE', 'FORFAIT', 1),
(706, 'REST', 'SMS_ORANGE', 'FORFAIT', 1),
(707, 'REST', 'SMS_ORANGE', 'FORFAIT', 1),
(708, 'REST', 'SMS_ORANGE', 'FORFAIT', 1),
(709, 'REST', 'SMS_NATIONAL', 'FORFAIT', 1),
(710, 'REST', 'SMS_NATIONAL', 'FORFAIT', 1),
(711, 'REST', 'SMS_NATIONAL', 'FORFAIT', 1),
(712, 'REST', 'SMS_NATIONAL', 'FORFAIT', 1),
(713, 'REST', 'SMS_ORANGE', 'FORFAIT', 1),
(714, 'REST', 'SMS_NATIONAL', 'FORFAIT', 1),
(715, 'REST', 'SMS_NATIONAL', 'FORFAIT', 1),
(716, 'REST', 'SMS_ORANGE', 'FORFAIT', 1),
(800, 'REST', 'INTERNET', 'FORFAIT', 4),
(900, 'REST', 'INTERNET', 'FORFAIT', 4),
(901, 'REST', 'INTERNET', 'FORFAIT', 4),
(902, 'REST', 'INTERNET', 'FORFAIT', 4),
(903, 'REST', 'INTERNET', 'FORFAIT', 4),
(904, 'REST', 'INTERNET', 'FORFAIT', 4),
(905, 'REST', 'INTERNET', 'FORFAIT', 4),
(906, 'REST', 'INTERNET', 'FORFAIT', 4),
(907, 'REST', 'INTERNET', 'FORFAIT', 4),
(908, 'REST', 'INTERNET', 'FORFAIT', 4),
(909, 'REST', 'INTERNET', 'FORFAIT', 4),
(910, 'REST', 'INTERNET', 'FORFAIT', 4),
(911, 'REST', 'INTERNET', 'FORFAIT', 4),
(912, 'REST', 'INTERNET', 'FORFAIT', 4),
(913, 'REST', 'INTERNET', 'FORFAIT', 4),
(914, 'REST', 'INTERNET', 'FORFAIT', 4),
(918, 'REST', 'INTERNET', 'FORFAIT', 4),
(919, 'REST', 'INTERNET', 'FORFAIT', 4),
(920, 'REST', 'INTERNET', 'FORFAIT', 4),
(921, 'REST', 'INTERNET', 'FORFAIT', 4),
(950, 'REST', 'MONEY', 'FORFAIT', 2),
(951, 'REST', 'MONEY', 'FORFAIT', 2),
(952, 'REST', 'MONEY', 'FORFAIT', 2),
(953, 'REST', 'MONEY', 'FORFAIT', 2),
(954, 'REST', 'MONEY', 'FORFAIT', 2),
(955, 'REST', 'MONEY', 'FORFAIT', 2),
(956, 'REST', 'MONEY', 'FORFAIT', 2),
(957, 'REST', 'MONEY', 'FORFAIT', 2),
(958, 'REST', 'MONEY', 'FORFAIT', 2),
(959, 'REST', 'MONEY', 'FORFAIT', 2),
(1000, 'REST', 'STAYIN', 'FORFAIT', 4),
(1001, 'REST', 'APPEL_FAF', 'FORFAIT', 3),
(1010, 'REST', 'STAYINTOUCH', 'FORFAIT', 4),
(1011, 'REST', 'APPEL_FAF', 'FORFAIT', 3),
(1012, 'REST', 'AKAMA', 'FORFAIT', 2),
(1014, 'REST', 'APPEL_PREFERE', 'BONUS', 3),
(1029, 'REST', 'FACEBOOK', 'FORFAIT', 4),
(1030, 'REST', 'SMS_ORANGE', 'FORFAIT', 1),
(1031, 'REST', 'APPEL_FAF', 'BONUS', 3),
(1113, 'REST', 'INTERNET', 'FORFAIT', 4),
(1114, 'REST', 'INTERNET', 'FORFAIT', 4),
(1115, 'REST', 'INTERNET', 'FORFAIT', 4);

-- --------------------------------------------------------

--
-- Structure de la table `otherservice`
--

DROP TABLE IF EXISTS `otherservice`;
CREATE TABLE IF NOT EXISTS `otherservice` (
  `idotherservice` int(11) NOT NULL AUTO_INCREMENT,
  `refill` varchar(8) DEFAULT NULL,
  `nom` varchar(255) NOT NULL,
  `description` text,
  `prix` float DEFAULT NULL,
  `taxe` varchar(8) DEFAULT NULL,
  `isActive` tinyint(1) DEFAULT '0',
  `validite` varchar(16) DEFAULT NULL,
  `groups` varchar(128) DEFAULT NULL,
  `grouprank` int(11) DEFAULT NULL,
  `groups1` varchar(255) DEFAULT NULL,
  `groupsrank1` int(11) DEFAULT NULL,
  `groups2` varchar(255) DEFAULT NULL,
  `groupsrank2` int(11) DEFAULT NULL,
  `groups3` varchar(255) DEFAULT NULL,
  `groupsrank3` int(11) DEFAULT NULL,
  `order` int(11) DEFAULT NULL,
  `commentaire` text,
  `groupsrank` int(11) DEFAULT NULL,
  PRIMARY KEY (`idotherservice`)
) ENGINE=InnoDB AUTO_INCREMENT=39 DEFAULT CHARSET=latin1;

--
-- Déchargement des données de la table `otherservice`
--

INSERT INTO `otherservice` (`idotherservice`, `refill`, `nom`, `description`, `prix`, `taxe`, `isActive`, `validite`, `groups`, `grouprank`, `groups1`, `groupsrank1`, `groups2`, `groupsrank2`, `groups3`, `groupsrank3`, `order`, `commentaire`, `groupsrank`) VALUES
(1, '_INFO', 'Happy Zone', 'Tarif : 14,5Ar TTC par seconde pour :\r\nCanada, France, Hong Kong, Japon, Coree du sud, Maurice, Reunion, Afrique du Sud, USA|Sarany: 14,5Ar TTC isa tsegondra ho an i :\r\nCanada, France, Hong Kong, Japon, Coree du sud, Maurice, Reunion, Afrique du Sud, USA|Tarif : 14,5Ar TTC par seconde pour :\r\nCanada, France, Hong Kong, Japon, Coree du sud, Maurice, Reunion, Afrique du Sud, USA', 0, 'TTC', 1, '0', NULL, NULL, 'Appels & SMS Internationaux|Antso & SMS mankany ivelany|Appels & SMS Internationaux', 4, 'Tarifs hors forfaits', 5, NULL, NULL, 2, NULL, NULL),
(2, '_INFO', 'Zone 1', 'Tarif : 16Ar TTC par seconde pour :\r\nItalie, Vatican|Sarany: 16Ar TTC isa tsegondra ho an i :\r\nItalie, Vatican|Tarif : 16Ar TTC par seconde pour :\r\nItalie, Vatican', 0, 'TTC', 1, '0', NULL, NULL, 'Appels & SMS Internationaux|Antso & SMS mankany ivelany|Appels & SMS Internationaux', 4, 'Tarifs hors forfaits', 5, NULL, NULL, 3, NULL, NULL),
(3, '_INFO', 'Zone 2', 'Tarif : 16Ar TTC par seconde pour :\r\nItalie, Vatican|Sarany: 16Ar TTC isa tsegondra ho an i :\r\nItalie, Vatican|Tarif : 16Ar TTC par seconde pour :\r\nItalie, Vatican', 0, 'TTC', 1, '0', NULL, NULL, 'Appels & SMS Internationaux|Antso & SMS mankany ivelany|Appels & SMS Internationaux', 4, 'Tarifs hors forfaits', 5, NULL, NULL, 4, NULL, NULL),
(4, '_INFO', 'Zone 3', 'Tarif : 26,4Ar TTC par seconde pour :\r\nBelgique|Sarany : 26,4Ar TTC isa tsegondra ho an i :\r\nBelgique|Tarif : 26,4Ar TTC par seconde pour :\r\nBelgique', 0, 'TTC', 1, '0', NULL, NULL, 'Appels & SMS Internationaux|Antso & SMS mankany ivelany|Appels & SMS Internationaux', 4, 'Tarifs hors forfaits', 5, NULL, NULL, 5, NULL, NULL),
(5, '_INFO', 'Zone 4', 'Tarif : 35Ar TTC par seconde pour :\r\nMayotte, Monaco, Maroc|Sarany: 35Ar TTC isa tsegondra ho an i :\r\nMayotte, Monaco, Maroc|Tarif : 35Ar TTC par seconde pour :\r\nMayotte, Monaco, Maroc', 0, 'TTC', 1, '0', NULL, NULL, 'Appels & SMS Internationaux|Antso & SMS mankany ivelany|Appels & SMS Internationaux', 4, 'Tarifs hors forfaits', 5, NULL, NULL, 6, NULL, NULL),
(6, '_INFO', 'Zone 5', 'Tarif : 45Ar TTC par seconde pour :\r\nComores, Seychelles|Sarany : 45Ar TTC isa tsegondra ho an i : \r\nComores, Seychelles|Tarif : 45Ar TTC par seconde pour :\r\nComores, Seychelles', 0, 'TTC', 1, '0', NULL, NULL, 'Appels & SMS Internationaux|Antso & SMS mankany ivelany|Appels & SMS Internationaux', 4, 'Tarifs hors forfaits', 5, NULL, NULL, 7, NULL, NULL),
(7, '_INFO', 'Zone 6', 'Tarif : 49,2Ar TTC par seconde pour :\r\nSuisse|Sarany : 49,2Ar TTC  isa tsegondra ho an i : \r\nSuisse|Tarif : 49,2Ar TTC par seconde pour :\r\nSuisse', 0, 'TTC', 1, '0', NULL, NULL, 'Appels & SMS Internationaux|Antso & SMS mankany ivelany|Appels & SMS Internationaux', 4, 'Tarifs hors forfaits', 5, NULL, NULL, 8, NULL, NULL),
(8, '_INFO', 'Zone 7', 'Tarif : 61,08Ar TTC par seconde pour :\r\nAustralie, Bresil, Burkina Faso, Djibouti, Cameroun, egypte, Côte d’Ivoire, Kenya, Luxembourg, Pakistan, Philippines, Arabie Saoudite, Senegal, Tanzanie|Sarany : 61,08Ar TTC isa tsegondra ho an i :\r\nAustralie, Bresil, Burkina Faso, Djibouti, Cameroun, egypte, Côte d’Ivoire, Kenya, Luxembourg, Pakistan, Philippines, Arabie Saoudite, Senegal, Tanzanie|Tarif : 61,08Ar TTC par seconde pour :\r\nAustralie, Bresil, Burkina Faso, Djibouti, Cameroun, egypte, Côte d’Ivoire, Kenya, Luxembourg, Pakistan, Philippines, Arabie Saoudite, Senegal, Tanzanie', 0, 'TTC', 1, '0', NULL, NULL, 'Appels & SMS Internationaux|Antso & SMS mankany ivelany|Appels & SMS Internationaux', 4, 'Tarifs hors forfaits', 5, NULL, NULL, 9, NULL, NULL),
(9, '_INFO', 'Zone 8', 'Tarif : 79,5Ar TTC par seconde pour :\r\nTous les pays non inclus dans les  zones : business, 1,2,3,4,5,6,7,9,10,11,12,13|Sarany : 79,5Ar TTC isa tsegondra ho an i  :\r\nIreo Firenena rehetra tsy ao anatin ny   zones : business, 1,2,3,4,5,6,7,9,10,11,12,13|Tarif : 79,5Ar TTC par seconde pour :\r\nTous les pays non inclus dans les  zones : business, 1,2,3,4,5,6,7,9,10,11,12,13', 0, 'TTC', 1, '0', NULL, NULL, 'Appels & SMS Internationaux|Antso & SMS mankany ivelany|Appels & SMS Internationaux', 4, 'Tarifs hors forfaits', 5, NULL, NULL, 10, NULL, NULL),
(10, '_INFO', 'Zone 9', 'Tarif : 100Ar TTC par seconde pour :\r\nGuinee Bissau, Kiribati, Nauru, Tonga, Tuvalu|Sarany: 100Ar TTC isa tsegondra ho an i :\r\nGuinee Bissau, Kiribati, Nauru, Tonga, Tuvalu|Tarif : 100Ar TTC par seconde pour :\r\nGuinee Bissau, Kiribati, Nauru, Tonga, Tuvalu', 0, 'TTC', 1, '0', NULL, NULL, 'Appels & SMS Internationaux|Antso & SMS mankany ivelany|Appels & SMS Internationaux', 4, 'Tarifs hors forfaits', 5, NULL, NULL, 11, NULL, NULL),
(11, '_INFO', 'Zone 10', 'Tarif : 150Ar TTC par seconde pour :\r\nAscension, les iles Cook, Diego Garcia,  iles Falkland, Liechtenstein, Saint Helene, Samoa American, Samoa Western, les  iles Solomon, Vanuatu, Tokelau|Sarany : 150Ar TTC isa tsegondra ho an i  :\r\nAscension, les iles Cook, Diego Garcia,  iles Falkland, Liechtenstein, Saint Helene, Samoa American, Samoa Western, les  iles Solomon, Vanuatu, Tokelau|Tarif : 150Ar TTC par seconde pour :\r\nAscension, les iles Cook, Diego Garcia,  iles Falkland, Liechtenstein, Saint Helene, Samoa American, Samoa Western, les  iles Solomon, Vanuatu, Tokelau', 0, 'TTC', 1, '0', NULL, NULL, 'Appels & SMS Internationaux|Antso & SMS mankany ivelany|Appels & SMS Internationaux', 4, 'Tarifs hors forfaits', 5, NULL, NULL, 12, NULL, NULL),
(12, '_INFO', 'Zone 11', 'Tarif : 159,6Ar TTC par seconde pour :\r\nPapouasie Nouvelle Guinee|Sarany 159,6Ar TTC isa tsegondra ho an i  :\r\nPapouasie Nouvelle Guinee|Tarif : 159,6Ar TTC par seconde pour :\r\nPapouasie Nouvelle Guinee', 0, 'TTC', 1, '0', NULL, NULL, 'Appels & SMS Internationaux|Antso & SMS mankany ivelany|Appels & SMS Internationaux', 4, 'Tarifs hors forfaits', 5, NULL, NULL, 13, NULL, NULL),
(13, '_INFO', 'Zone 12', 'Tarif : 468Ar TTC par seconde pour :\r\nAppels vers les telephones satellites et les numeros surtaxes,  ile Norfalk,  Zambie|Sarany : 468Ar TTC isa tsegondra ho an i :\r\nAntso mankany @telephones satellites sy ireo nomerao surtaxes,  ile Norfalk,  Zambie|Tarif : 468Ar TTC par seconde pour :\r\nAppels vers les telephones satellites et les numeros surtaxes,  ile Norfalk,  Zambie', 0, 'TTC', 1, '0', NULL, NULL, 'Appels & SMS Internationaux|Antso & SMS mankany ivelany|Appels & SMS Internationaux', 4, 'Tarifs hors forfaits', 5, NULL, NULL, 14, NULL, NULL),
(14, '_INFO', 'Zone 13', 'Tarif : 506Ar TTC par seconde pour :\r\nNiue|Sarany: 506Ar TTC isa tsegondra ho an i :\r\nNiue|Tarif : 506Ar TTC par seconde pour :\r\nNiue\r\n', 0, 'TTC', 1, '0', NULL, NULL, 'Appels & SMS Internationaux|Antso & SMS mankany ivelany|Appels & SMS Internationaux', 4, 'Tarifs hors forfaits', 5, NULL, NULL, 15, NULL, NULL),
(15, '_INFO', 'Zone Business', 'Tarif : 6Ar TTC par seconde pour :\r\nChine - Inde – Thailande | Sarany : 6Ar TTC isa tsegondra ho an i :\r\nChine - Inde – Thailande | Tarif : 6Ar TTC par seconde pour :\r\nChine - Inde – Thailande ', 0, 'TTC', 1, '0', NULL, NULL, 'Appels & SMS Internationaux|Antso & SMS mankany ivelany|Appels & SMS Internationaux', 4, 'Tarifs hors forfaits', 5, NULL, NULL, 1, NULL, NULL),
(21, '_INFO', 'Infos utiles|Fampahafatarana fanampiny|Useful info', 'Pour consulter votre messagerie vocale, appelez le +261323232707|Raha hiaino  ny messagerie vocale, antsoy ny +261323232707|Pour consulter votre messagerie vocale, appelez le +261323232707', 0, 'TTC', 1, '0', NULL, NULL, 'Roaming|Roaming|Roaming', 6, NULL, NULL, NULL, NULL, 3, NULL, NULL),
(22, '_INFO', 'Infos utiles|Fampahafatarana fanampiny|Useful info', 'Pour changer votre limite de consommation, contactez le service client au +261323232300\\nPour la messagerie vocale, appelez le +261323232707|Raha hiaino  ny messagerie vocale, antsoy ny +261323232707|To change your consumption limit, contact customer service on +261323232300 \\n For voicemail, call +261323232707', 0, 'TTC', 1, '0', NULL, NULL, 'Roaming |Roaming |Roaming ', 6, NULL, NULL, NULL, NULL, 3, NULL, NULL),
(23, 'XXXX', 'Desactivation du renouvellement automatique Akama|Hanala ny fanavaozana ny tolotra Akama|Unable Akama renewal', NULL, 0, 'TTC', 1, '3j', NULL, NULL, 'Reseaux Sociaux|Tambajotra sosialy|Social networks', 5, NULL, NULL, NULL, NULL, 4, NULL, NULL),
(25, 'ALPLUS', 'Allowa+', NULL, 2000, 'TTC', 1, '1j', NULL, NULL, '0', -1, NULL, NULL, NULL, NULL, -2, NULL, NULL),
(26, 'AL', 'Allowa', NULL, 0, 'TTC', 1, '1j', NULL, NULL, '0', -1, NULL, NULL, NULL, NULL, -2, NULL, NULL),
(27, 'service', 'Invite tes friends|Manasa ireo namana|Invite tes friends', NULL, 0, 'TTC', 1, NULL, NULL, NULL, '0', NULL, NULL, NULL, NULL, NULL, 1, NULL, NULL),
(28, 'service', 'Envoyer un Phone Moi|Handefa Phone Moi|Send a Phone Me', NULL, 0, 'TTC', 1, NULL, NULL, NULL, '0', NULL, NULL, NULL, NULL, NULL, 2, NULL, NULL),
(29, 'service', 'Partager mon credit|E-zara|Share my credit', NULL, 0, 'TTC', 1, NULL, NULL, NULL, '0', NULL, NULL, NULL, NULL, NULL, 3, NULL, NULL),
(30, 'service', 'Partager mon forfait SMS|Hizara tolotra SMS|Partager mon forfait SMS', NULL, 0, 'TTC', 1, NULL, NULL, NULL, '0', NULL, NULL, NULL, NULL, NULL, 4, NULL, NULL),
(31, 'service', 'KALAZA', NULL, 0, 'TTC', 1, NULL, NULL, NULL, '0', NULL, NULL, NULL, NULL, NULL, 5, NULL, NULL),
(32, 'service', 'Orange Money', NULL, 0, 'TTC', 1, NULL, NULL, NULL, '0', NULL, NULL, NULL, NULL, NULL, 6, NULL, NULL),
(37, 'IF01', 'Forfait StayIN', NULL, 500, 'TTC', 1, '3j', NULL, NULL, 'Reseaux Sociaux |Tambajotra sosialy |Social networks ', 5, NULL, NULL, NULL, NULL, 1, NULL, NULL),
(38, 'TEST', 'Petite Service', NULL, 500, 'TTC', 0, NULL, 'TEsta groups1', NULL, 'Reseaux Sociaux|Tambajotra sosialy|Social networks', 1, 'Tarifs hors forfaits', 2, 'Groups3 hafa', 3, NULL, NULL, 0);

-- --------------------------------------------------------

--
-- Structure de la table `profile`
--

DROP TABLE IF EXISTS `profile`;
CREATE TABLE IF NOT EXISTS `profile` (
  `idprofile` varchar(32) NOT NULL,
  `title` varchar(128) NOT NULL,
  `parent` varchar(32) DEFAULT NULL,
  `communityid` varchar(64) DEFAULT NULL,
  `groupeid` varchar(64) DEFAULT NULL,
  `serviceclass` varchar(64) DEFAULT NULL,
  `lcg` int(11) NOT NULL COMMENT 'LC Global',
  `lcgref` int(11) NOT NULL COMMENT 'LC Global Réference',
  `lcn` int(11) NOT NULL COMMENT 'LC National',
  `lcnref` int(11) NOT NULL COMMENT 'LC National ref',
  `lcint` int(11) NOT NULL COMMENT 'LC International',
  `lcintref` int(11) NOT NULL COMMENT 'LC International Ref',
  `lcr` int(11) NOT NULL COMMENT 'LC Roaming',
  `lcrref` int(11) NOT NULL COMMENT 'LC Roaming ref',
  `ucg` int(11) NOT NULL COMMENT 'usage counter global',
  `ucn` int(11) NOT NULL COMMENT 'usage counter national',
  `ucint` int(11) NOT NULL COMMENT 'usage counter international',
  `ucr` int(11) NOT NULL COMMENT 'usage counter roaming',
  PRIMARY KEY (`idprofile`),
  KEY `parent` (`parent`)
) ENGINE=InnoDB DEFAULT CHARSET=latin1;

--
-- Déchargement des données de la table `profile`
--

INSERT INTO `profile` (`idprofile`, `title`, `parent`, `communityid`, `groupeid`, `serviceclass`, `lcg`, `lcgref`, `lcn`, `lcnref`, `lcint`, `lcintref`, `lcr`, `lcrref`, `ucg`, `ucn`, `ucint`, `ucr`) VALUES
('allowa', 'Allowa', 'prepaid', NULL, '1', '5006', 0, 0, 0, 0, 0, 0, 0, 0, 0, 0, 0, 0),
('allowaplus', 'Allowa +', 'prepaid', NULL, '1', '5007', 0, 0, 0, 0, 0, 0, 0, 0, 0, 0, 0, 0),
('ambatovy', 'Ambatovy', 'postpaid', '1225', '2,4', '83', 43, 46, 320, 322, 321, 323, 48, 50, 1001, 1003, 1004, 1002),
('corporate_gold', 'Corporate Gold', 'postpaid', NULL, '4', '28', 45, 47, 320, 322, 321, 323, 48, 50, 1001, 1003, 1004, 1002),
('hybrid', 'Hybride', NULL, NULL, '3', NULL, 41, 47, 320, 322, 321, 323, 48, 50, 1005, 1003, 1004, 1002),
('postpaid', 'Postpaid', NULL, NULL, '2,4', NULL, 43, 46, 320, 322, 321, 323, 48, 50, 1001, 1003, 1004, 1002),
('postpaid_controlled', 'Postpaid Controlled', 'postpaid', NULL, '4', NULL, 45, 47, 320, 322, 321, 323, 48, 50, 1001, 1003, 1004, 1002),
('postpaid_corporate', 'Postpaid Corporate', 'postpaid', NULL, '2,4', '80,81,82,83', 45, 47, 320, 322, 321, 323, 48, 50, 1001, 1003, 1004, 1002),
('prepaid', 'Prepaid', NULL, NULL, '1', NULL, 0, 0, 0, 0, 0, 0, 0, 0, 0, 0, 0, 0),
('prepaid_corporate', 'Prepaid Corporate', 'prepaid', NULL, '1', '5013', 0, 0, 0, 0, 0, 0, 0, 0, 0, 0, 0, 0),
('prepaid_pro1', 'Prepaid Pro 1', 'pro', NULL, '1', '5010', 0, 0, 0, 0, 0, 0, 0, 0, 0, 0, 0, 0),
('prepaid_pro2', 'Prepaid Pro 2', 'pro', NULL, '1', '5015', 0, 0, 0, 0, 0, 0, 0, 0, 0, 0, 0, 0),
('prepaid_pro3', 'Prepaid Pro 3', 'pro', NULL, '1', '5017', 0, 0, 0, 0, 0, 0, 0, 0, 0, 0, 0, 0),
('pro', 'Prepaid Pro', 'prepaid', NULL, NULL, NULL, 0, 0, 0, 0, 0, 0, 0, 0, 0, 0, 0, 0);

-- --------------------------------------------------------

--
-- Structure de la table `profilebundle`
--

DROP TABLE IF EXISTS `profilebundle`;
CREATE TABLE IF NOT EXISTS `profilebundle` (
  `idprofile` varchar(32) NOT NULL,
  `idbundle` int(11) NOT NULL,
  PRIMARY KEY (`idprofile`,`idbundle`),
  KEY `idprofile` (`idprofile`),
  KEY `idbundle` (`idbundle`)
) ENGINE=InnoDB DEFAULT CHARSET=latin1;

--
-- Déchargement des données de la table `profilebundle`
--

INSERT INTO `profilebundle` (`idprofile`, `idbundle`) VALUES
('allowa', 1),
('allowaplus', 1),
('corporate_gold', 1),
('hybrid', 1),
('postpaid', 1),
('postpaid_controlled', 1),
('prepaid', 1),
('prepaid_pro1', 1),
('prepaid_pro2', 1),
('prepaid_pro3', 1),
('allowa', 2),
('allowaplus', 2),
('corporate_gold', 2),
('hybrid', 2),
('postpaid', 2),
('postpaid_controlled', 2),
('prepaid', 2),
('prepaid_pro1', 2),
('prepaid_pro2', 2),
('prepaid_pro3', 2),
('allowa', 3),
('allowaplus', 3),
('corporate_gold', 3),
('hybrid', 3),
('postpaid', 3),
('postpaid_controlled', 3),
('prepaid', 3),
('prepaid_pro1', 3),
('prepaid_pro2', 3),
('prepaid_pro3', 3),
('allowa', 4),
('allowaplus', 4),
('corporate_gold', 4),
('hybrid', 4),
('postpaid', 4),
('postpaid_controlled', 4),
('prepaid', 4),
('prepaid_pro1', 4),
('prepaid_pro2', 4),
('prepaid_pro3', 4),
('allowa', 5),
('allowaplus', 5),
('corporate_gold', 5),
('hybrid', 5),
('postpaid', 5),
('postpaid_controlled', 5),
('prepaid', 5),
('prepaid_pro1', 5),
('prepaid_pro2', 5),
('prepaid_pro3', 5),
('allowa', 6),
('allowaplus', 6),
('corporate_gold', 6),
('hybrid', 6),
('postpaid', 6),
('postpaid_controlled', 6),
('prepaid', 6),
('prepaid_pro1', 6),
('prepaid_pro2', 6),
('prepaid_pro3', 6),
('allowa', 7),
('allowaplus', 7),
('corporate_gold', 7),
('hybrid', 7),
('postpaid', 7),
('postpaid_controlled', 7),
('prepaid', 7),
('prepaid_pro1', 7),
('prepaid_pro2', 7),
('prepaid_pro3', 7),
('allowa', 8),
('allowaplus', 8),
('corporate_gold', 8),
('hybrid', 8),
('postpaid', 8),
('postpaid_controlled', 8),
('prepaid', 8),
('prepaid_pro1', 8),
('prepaid_pro2', 8),
('prepaid_pro3', 8),
('allowa', 9),
('allowaplus', 9),
('corporate_gold', 9),
('hybrid', 9),
('postpaid', 9),
('postpaid_controlled', 9),
('prepaid', 9),
('prepaid_pro1', 9),
('prepaid_pro2', 9),
('prepaid_pro3', 9),
('allowa', 10),
('allowaplus', 10),
('corporate_gold', 10),
('hybrid', 10),
('postpaid', 10),
('postpaid_controlled', 10),
('prepaid', 10),
('prepaid_pro1', 10),
('prepaid_pro2', 10),
('prepaid_pro3', 10),
('allowa', 11),
('allowaplus', 11),
('corporate_gold', 11),
('hybrid', 11),
('postpaid', 11),
('postpaid_controlled', 11),
('prepaid', 11),
('prepaid_pro1', 11),
('prepaid_pro2', 11),
('prepaid_pro3', 11),
('allowa', 12),
('allowaplus', 12),
('prepaid', 12),
('prepaid_corporate', 12),
('prepaid_pro1', 12),
('prepaid_pro2', 12),
('prepaid_pro3', 12),
('allowa', 13),
('allowaplus', 13),
('prepaid', 13),
('prepaid_corporate', 13),
('prepaid_pro1', 13),
('prepaid_pro2', 13),
('prepaid_pro3', 13),
('allowa', 14),
('allowaplus', 14),
('prepaid', 14),
('prepaid_corporate', 14),
('prepaid_pro1', 14),
('prepaid_pro2', 14),
('prepaid_pro3', 14),
('allowa', 15),
('allowaplus', 15),
('corporate_gold', 15),
('hybrid', 15),
('postpaid', 15),
('postpaid_controlled', 15),
('prepaid', 15),
('prepaid_pro1', 15),
('prepaid_pro2', 15),
('prepaid_pro3', 15),
('allowa', 16),
('allowaplus', 16),
('corporate_gold', 16),
('hybrid', 16),
('postpaid', 16),
('postpaid_controlled', 16),
('prepaid', 16),
('prepaid_pro1', 16),
('prepaid_pro2', 16),
('prepaid_pro3', 16),
('allowa', 17),
('allowaplus', 17),
('corporate_gold', 17),
('hybrid', 17),
('postpaid', 17),
('postpaid_controlled', 17),
('prepaid', 17),
('prepaid_pro1', 17),
('prepaid_pro2', 17),
('prepaid_pro3', 17),
('allowa', 18),
('allowaplus', 18),
('corporate_gold', 18),
('hybrid', 18),
('postpaid', 18),
('postpaid_controlled', 18),
('prepaid', 18),
('prepaid_pro1', 18),
('prepaid_pro2', 18),
('prepaid_pro3', 18),
('allowa', 19),
('allowaplus', 19),
('corporate_gold', 19),
('hybrid', 19),
('postpaid', 19),
('postpaid_controlled', 19),
('prepaid', 19),
('prepaid_pro1', 19),
('prepaid_pro2', 19),
('prepaid_pro3', 19),
('allowa', 20),
('allowaplus', 20),
('corporate_gold', 20),
('hybrid', 20),
('postpaid', 20),
('postpaid_controlled', 20),
('prepaid', 20),
('prepaid_pro1', 20),
('prepaid_pro2', 20),
('prepaid_pro3', 20),
('allowa', 21),
('allowaplus', 21),
('corporate_gold', 21),
('hybrid', 21),
('postpaid', 21),
('postpaid_controlled', 21),
('prepaid', 21),
('prepaid_pro1', 21),
('prepaid_pro2', 21),
('prepaid_pro3', 21),
('allowa', 22),
('allowaplus', 22),
('corporate_gold', 22),
('hybrid', 22),
('postpaid', 22),
('postpaid_controlled', 22),
('prepaid', 22),
('prepaid_pro1', 22),
('prepaid_pro2', 22),
('prepaid_pro3', 22),
('allowa', 23),
('allowaplus', 23),
('corporate_gold', 23),
('hybrid', 23),
('postpaid', 23),
('postpaid_controlled', 23),
('prepaid', 23),
('prepaid_pro1', 23),
('prepaid_pro2', 23),
('prepaid_pro3', 23),
('allowa', 24),
('allowaplus', 24),
('corporate_gold', 24),
('hybrid', 24),
('postpaid', 24),
('postpaid_controlled', 24),
('prepaid', 24),
('prepaid_pro1', 24),
('prepaid_pro2', 24),
('prepaid_pro3', 24),
('allowa', 25),
('allowaplus', 25),
('corporate_gold', 25),
('hybrid', 25),
('postpaid', 25),
('postpaid_controlled', 25),
('prepaid', 25),
('prepaid_pro1', 25),
('prepaid_pro2', 25),
('prepaid_pro3', 25),
('allowa', 26),
('allowaplus', 26),
('corporate_gold', 26),
('hybrid', 26),
('postpaid', 26),
('postpaid_controlled', 26),
('prepaid', 26),
('prepaid_pro1', 26),
('prepaid_pro2', 26),
('prepaid_pro3', 26),
('allowa', 27),
('allowaplus', 27),
('corporate_gold', 27),
('hybrid', 27),
('postpaid', 27),
('postpaid_controlled', 27),
('prepaid', 27),
('prepaid_pro1', 27),
('prepaid_pro2', 27),
('prepaid_pro3', 27),
('allowa', 28),
('allowaplus', 28),
('corporate_gold', 28),
('hybrid', 28),
('postpaid', 28),
('postpaid_controlled', 28),
('prepaid', 28),
('prepaid_pro1', 28),
('prepaid_pro2', 28),
('prepaid_pro3', 28),
('allowa', 29),
('allowaplus', 29),
('corporate_gold', 29),
('hybrid', 29),
('postpaid', 29),
('postpaid_controlled', 29),
('prepaid', 29),
('prepaid_pro1', 29),
('prepaid_pro2', 29),
('prepaid_pro3', 29),
('allowa', 30),
('allowaplus', 30),
('hybrid', 30),
('postpaid', 30),
('postpaid_controlled', 30),
('prepaid', 30),
('prepaid_pro1', 30),
('prepaid_pro2', 30),
('prepaid_pro3', 30),
('allowa', 31),
('allowaplus', 31),
('hybrid', 31),
('postpaid', 31),
('postpaid_controlled', 31),
('prepaid', 31),
('prepaid_pro1', 31),
('prepaid_pro2', 31),
('prepaid_pro3', 31),
('allowa', 32),
('allowaplus', 32),
('hybrid', 32),
('postpaid', 32),
('postpaid_controlled', 32),
('prepaid', 32),
('prepaid_pro1', 32),
('prepaid_pro2', 32),
('prepaid_pro3', 32),
('allowa', 33),
('allowaplus', 33),
('corporate_gold', 33),
('hybrid', 33),
('postpaid', 33),
('postpaid_controlled', 33),
('prepaid', 33),
('prepaid_pro1', 33),
('prepaid_pro2', 33),
('prepaid_pro3', 33),
('allowa', 34),
('allowaplus', 34),
('corporate_gold', 34),
('hybrid', 34),
('postpaid', 34),
('postpaid_controlled', 34),
('prepaid', 34),
('prepaid_pro1', 34),
('prepaid_pro2', 34),
('prepaid_pro3', 34),
('allowa', 35),
('allowaplus', 35),
('corporate_gold', 35),
('hybrid', 35),
('postpaid', 35),
('postpaid_controlled', 35),
('prepaid', 35),
('prepaid_pro1', 35),
('prepaid_pro2', 35),
('prepaid_pro3', 35),
('allowa', 36),
('allowaplus', 36),
('corporate_gold', 36),
('hybrid', 36),
('postpaid', 36),
('postpaid_controlled', 36),
('prepaid', 36),
('prepaid_pro1', 36),
('prepaid_pro2', 36),
('prepaid_pro3', 36),
('allowa', 37),
('allowaplus', 37),
('corporate_gold', 37),
('hybrid', 37),
('postpaid', 37),
('postpaid_controlled', 37),
('prepaid', 37),
('prepaid_pro1', 37),
('prepaid_pro2', 37),
('prepaid_pro3', 37),
('allowa', 38),
('allowaplus', 38),
('corporate_gold', 38),
('hybrid', 38),
('postpaid', 38),
('postpaid_controlled', 38),
('prepaid', 38),
('prepaid_pro1', 38),
('prepaid_pro2', 38),
('prepaid_pro3', 38),
('allowa', 39),
('allowaplus', 39),
('corporate_gold', 39),
('hybrid', 39),
('postpaid', 39),
('postpaid_controlled', 39),
('prepaid', 39),
('prepaid_pro1', 39),
('prepaid_pro2', 39),
('prepaid_pro3', 39),
('allowa', 40),
('allowaplus', 40),
('corporate_gold', 40),
('hybrid', 40),
('postpaid', 40),
('postpaid_controlled', 40),
('prepaid', 40),
('prepaid_pro1', 40),
('prepaid_pro2', 40),
('prepaid_pro3', 40),
('allowa', 41),
('allowaplus', 41),
('corporate_gold', 41),
('hybrid', 41),
('postpaid', 41),
('postpaid_controlled', 41),
('prepaid', 41),
('prepaid_pro1', 41),
('prepaid_pro2', 41),
('prepaid_pro3', 41),
('allowa', 42),
('allowaplus', 42),
('corporate_gold', 42),
('hybrid', 42),
('postpaid', 42),
('postpaid_controlled', 42),
('prepaid', 42),
('prepaid_pro1', 42),
('prepaid_pro2', 42),
('prepaid_pro3', 42),
('allowa', 43),
('allowaplus', 43),
('prepaid', 43),
('prepaid_corporate', 43),
('prepaid_pro1', 43),
('prepaid_pro2', 43),
('prepaid_pro3', 43),
('allowa', 44),
('allowaplus', 44),
('corporate_gold', 44),
('hybrid', 44),
('postpaid', 44),
('postpaid_controlled', 44),
('prepaid', 44),
('prepaid_pro1', 44),
('prepaid_pro2', 44),
('prepaid_pro3', 44),
('allowa', 45),
('allowaplus', 45),
('corporate_gold', 45),
('hybrid', 45),
('postpaid', 45),
('postpaid_controlled', 45),
('prepaid', 45),
('prepaid_pro1', 45),
('prepaid_pro2', 45),
('prepaid_pro3', 45),
('allowa', 46),
('allowaplus', 46),
('corporate_gold', 46),
('hybrid', 46),
('postpaid', 46),
('postpaid_controlled', 46),
('prepaid', 46),
('prepaid_pro1', 46),
('prepaid_pro2', 46),
('prepaid_pro3', 46),
('allowa', 47),
('allowaplus', 47),
('corporate_gold', 47),
('hybrid', 47),
('postpaid', 47),
('postpaid_controlled', 47),
('prepaid', 47),
('prepaid_pro1', 47),
('prepaid_pro2', 47),
('prepaid_pro3', 47),
('allowa', 48),
('allowaplus', 48),
('corporate_gold', 48),
('hybrid', 48),
('postpaid', 48),
('postpaid_controlled', 48),
('prepaid', 48),
('prepaid_pro1', 48),
('prepaid_pro2', 48),
('prepaid_pro3', 48),
('allowa', 49),
('allowaplus', 49),
('corporate_gold', 49),
('hybrid', 49),
('postpaid', 49),
('postpaid_controlled', 49),
('prepaid', 49),
('prepaid_pro1', 49),
('prepaid_pro2', 49),
('prepaid_pro3', 49),
('allowa', 50),
('allowaplus', 50),
('corporate_gold', 50),
('hybrid', 50),
('postpaid', 50),
('postpaid_controlled', 50),
('prepaid', 50),
('prepaid_pro1', 50),
('prepaid_pro2', 50),
('prepaid_pro3', 50),
('ambatovy', 51),
('corporate_gold', 51),
('hybrid', 51),
('postpaid', 51),
('postpaid_controlled', 51),
('postpaid_corporate', 51),
('allowa', 52),
('allowaplus', 52),
('corporate_gold', 52),
('hybrid', 52),
('postpaid', 52),
('postpaid_controlled', 52),
('prepaid', 52),
('prepaid_pro1', 52),
('prepaid_pro2', 52),
('prepaid_pro3', 52),
('allowa', 53),
('allowaplus', 53),
('hybrid', 53),
('postpaid', 53),
('postpaid_controlled', 53),
('prepaid', 53),
('prepaid_pro1', 53),
('prepaid_pro2', 53),
('prepaid_pro3', 53),
('allowa', 54),
('allowaplus', 54),
('allowa', 55),
('allowaplus', 55),
('prepaid_pro3', 56),
('ambatovy', 57),
('postpaid_corporate', 57),
('prepaid_corporate', 57),
('ambatovy', 58),
('postpaid_corporate', 58),
('prepaid_corporate', 58),
('ambatovy', 59),
('postpaid_corporate', 59),
('prepaid_corporate', 59),
('ambatovy', 60),
('postpaid_corporate', 60),
('prepaid_corporate', 60),
('ambatovy', 61),
('postpaid_corporate', 61),
('prepaid_corporate', 61),
('ambatovy', 62),
('postpaid_corporate', 62),
('prepaid_corporate', 62),
('ambatovy', 63),
('postpaid_corporate', 63),
('prepaid_corporate', 63),
('ambatovy', 64),
('postpaid_corporate', 64),
('prepaid_corporate', 64),
('ambatovy', 65),
('postpaid_corporate', 65),
('prepaid_corporate', 65),
('ambatovy', 66),
('postpaid_corporate', 66),
('prepaid_corporate', 66),
('ambatovy', 67),
('postpaid_corporate', 67),
('prepaid_corporate', 67),
('ambatovy', 68),
('postpaid_corporate', 68),
('prepaid_corporate', 68),
('ambatovy', 70),
('postpaid_corporate', 70),
('prepaid_corporate', 70),
('ambatovy', 71),
('postpaid_corporate', 71),
('prepaid_corporate', 71),
('ambatovy', 72),
('postpaid_corporate', 72),
('prepaid_corporate', 72),
('ambatovy', 73),
('postpaid_corporate', 73),
('prepaid_corporate', 73),
('ambatovy', 74),
('postpaid_corporate', 74),
('prepaid_corporate', 74),
('ambatovy', 75),
('postpaid_corporate', 75),
('prepaid_corporate', 75),
('ambatovy', 76),
('postpaid_corporate', 76),
('prepaid_corporate', 76),
('ambatovy', 77),
('postpaid_corporate', 77),
('prepaid_corporate', 77),
('ambatovy', 78),
('postpaid_corporate', 78),
('prepaid_corporate', 78),
('ambatovy', 79),
('postpaid_corporate', 79),
('prepaid_corporate', 79),
('ambatovy', 80),
('postpaid_corporate', 80),
('prepaid_corporate', 80),
('ambatovy', 81),
('postpaid_corporate', 81),
('prepaid_corporate', 81),
('ambatovy', 82),
('postpaid_corporate', 82),
('prepaid_corporate', 82),
('ambatovy', 83),
('postpaid_corporate', 83),
('prepaid_corporate', 83),
('ambatovy', 84),
('postpaid_corporate', 84),
('prepaid_corporate', 84),
('ambatovy', 85),
('postpaid_corporate', 85),
('prepaid_corporate', 85),
('ambatovy', 86),
('postpaid_corporate', 86),
('prepaid_corporate', 86),
('ambatovy', 87),
('postpaid_corporate', 87),
('prepaid_corporate', 87),
('ambatovy', 88),
('postpaid_corporate', 88),
('prepaid_corporate', 88),
('ambatovy', 89),
('postpaid_corporate', 89),
('prepaid_corporate', 89),
('ambatovy', 90),
('postpaid_corporate', 90),
('prepaid_corporate', 90),
('ambatovy', 91),
('postpaid_corporate', 91),
('prepaid_corporate', 91),
('ambatovy', 92),
('postpaid_corporate', 92),
('prepaid_corporate', 92),
('ambatovy', 93),
('postpaid_corporate', 93),
('prepaid_corporate', 93),
('ambatovy', 94),
('postpaid_corporate', 94),
('prepaid_corporate', 94),
('ambatovy', 95),
('postpaid_corporate', 95),
('prepaid_corporate', 95),
('ambatovy', 96),
('postpaid_corporate', 96),
('prepaid_corporate', 96),
('ambatovy', 97),
('postpaid_corporate', 97),
('prepaid_corporate', 97),
('ambatovy', 98),
('postpaid_corporate', 98),
('prepaid_corporate', 98),
('ambatovy', 100),
('corporate_gold', 100),
('hybrid', 100),
('postpaid', 100),
('postpaid_controlled', 100),
('postpaid_corporate', 100),
('ambatovy', 102),
('corporate_gold', 102),
('hybrid', 102),
('postpaid', 102),
('postpaid_controlled', 102),
('postpaid_corporate', 102),
('ambatovy', 104),
('corporate_gold', 104),
('hybrid', 104),
('postpaid', 104),
('postpaid_controlled', 104),
('postpaid_corporate', 104),
('ambatovy', 105),
('corporate_gold', 105),
('hybrid', 105),
('postpaid', 105),
('postpaid_controlled', 105),
('postpaid_corporate', 105),
('ambatovy', 106),
('corporate_gold', 106),
('hybrid', 106),
('postpaid', 106),
('postpaid_controlled', 106),
('postpaid_corporate', 106),
('ambatovy', 107),
('corporate_gold', 107),
('hybrid', 107),
('postpaid', 107),
('postpaid_controlled', 107),
('postpaid_corporate', 107),
('ambatovy', 108),
('corporate_gold', 108),
('hybrid', 108),
('postpaid', 108),
('postpaid_controlled', 108),
('postpaid_corporate', 108),
('ambatovy', 109),
('corporate_gold', 109),
('hybrid', 109),
('postpaid', 109),
('postpaid_controlled', 109),
('postpaid_corporate', 109),
('ambatovy', 110),
('corporate_gold', 110),
('hybrid', 110),
('postpaid', 110),
('postpaid_controlled', 110),
('postpaid_corporate', 110),
('ambatovy', 112),
('postpaid_corporate', 112),
('ambatovy', 113),
('postpaid_corporate', 113),
('ambatovy', 114),
('postpaid_corporate', 114),
('ambatovy', 115),
('postpaid_corporate', 115),
('ambatovy', 116),
('postpaid_corporate', 116),
('ambatovy', 118),
('postpaid_corporate', 118),
('prepaid_corporate', 118),
('ambatovy', 119),
('postpaid_corporate', 119),
('ambatovy', 120),
('postpaid_corporate', 120),
('ambatovy', 121),
('postpaid_corporate', 121),
('ambatovy', 122),
('postpaid_corporate', 122),
('ambatovy', 123),
('postpaid_corporate', 123),
('ambatovy', 125),
('postpaid_corporate', 125),
('prepaid_corporate', 125),
('prepaid_corporate', 128),
('allowa', 133),
('allowaplus', 133),
('corporate_gold', 133),
('hybrid', 133),
('postpaid', 133),
('prepaid', 133),
('prepaid_pro1', 133),
('prepaid_pro2', 133),
('prepaid_pro3', 133),
('allowa', 137),
('allowaplus', 137),
('corporate_gold', 137),
('hybrid', 137),
('postpaid', 137),
('prepaid', 137),
('prepaid_pro1', 137),
('prepaid_pro2', 137),
('prepaid_pro3', 137),
('allowa', 140),
('allowaplus', 140),
('corporate_gold', 140),
('hybrid', 140),
('postpaid', 140),
('prepaid', 140),
('prepaid_pro1', 140),
('prepaid_pro2', 140),
('prepaid_pro3', 140),
('allowa', 144),
('allowaplus', 144),
('ambatovy', 144),
('corporate_gold', 144),
('hybrid', 144),
('postpaid', 144),
('postpaid_controlled', 144),
('postpaid_corporate', 144),
('prepaid', 144),
('prepaid_corporate', 144),
('prepaid_pro1', 144),
('prepaid_pro2', 144),
('prepaid_pro3', 144),
('pro', 144),
('allowa', 147),
('allowaplus', 147),
('ambatovy', 147),
('corporate_gold', 147),
('hybrid', 147),
('postpaid', 147),
('postpaid_controlled', 147),
('postpaid_corporate', 147),
('prepaid', 147),
('prepaid_corporate', 147),
('prepaid_pro1', 147),
('prepaid_pro2', 147),
('prepaid_pro3', 147),
('pro', 147),
('allowa', 148),
('allowaplus', 148),
('hybrid', 148),
('postpaid_controlled', 148),
('prepaid', 148),
('prepaid_corporate', 148),
('prepaid_pro1', 148),
('prepaid_pro2', 148),
('prepaid_pro3', 148),
('allowa', 149),
('allowaplus', 149),
('hybrid', 149),
('postpaid_controlled', 149),
('prepaid', 149),
('prepaid_corporate', 149),
('prepaid_pro1', 149),
('prepaid_pro2', 149),
('prepaid_pro3', 149),
('allowa', 150),
('allowaplus', 150),
('hybrid', 150),
('postpaid_controlled', 150),
('prepaid', 150),
('prepaid_corporate', 150),
('prepaid_pro1', 150),
('prepaid_pro2', 150),
('prepaid_pro3', 150),
('allowa', 151),
('allowaplus', 151),
('hybrid', 151),
('postpaid_controlled', 151),
('prepaid', 151),
('prepaid_corporate', 151),
('prepaid_pro1', 151),
('prepaid_pro2', 151),
('prepaid_pro3', 151),
('allowa', 152),
('allowaplus', 152),
('hybrid', 152),
('prepaid', 152),
('prepaid_corporate', 152),
('prepaid_pro1', 152),
('prepaid_pro2', 152),
('prepaid_pro3', 152),
('prepaid', 159),
('prepaid_corporate', 159),
('prepaid_pro1', 159),
('prepaid_pro2', 159),
('prepaid_pro3', 159),
('allowa', 160),
('allowaplus', 160),
('hybrid', 160),
('postpaid', 160),
('postpaid_controlled', 160),
('prepaid', 160),
('prepaid_pro1', 160),
('prepaid_pro2', 160),
('prepaid_pro3', 160),
('prepaid_pro2', 190),
('prepaid_pro3', 190),
('pro', 190),
('postpaid_corporate', 191),
('prepaid', 191),
('prepaid_pro1', 191),
('prepaid_pro2', 191),
('prepaid_pro3', 191),
('allowa', 192),
('allowaplus', 192),
('ambatovy', 192),
('corporate_gold', 192),
('allowa', 197),
('allowaplus', 197),
('ambatovy', 197),
('corporate_gold', 197),
('prepaid', 197),
('pro', 197),
('allowa', 199),
('allowaplus', 199),
('ambatovy', 199),
('corporate_gold', 199),
('allowa', 200),
('allowaplus', 200),
('ambatovy', 200),
('corporate_gold', 200),
('allowa', 203),
('allowaplus', 203),
('ambatovy', 203),
('corporate_gold', 203),
('hybrid', 203),
('postpaid', 203),
('postpaid_controlled', 203),
('postpaid_corporate', 203),
('prepaid', 203),
('prepaid_corporate', 203),
('prepaid_pro1', 203),
('prepaid_pro2', 203),
('prepaid_pro3', 203),
('pro', 203);

-- --------------------------------------------------------

--
-- Structure de la table `profilebundlefwd`
--

DROP TABLE IF EXISTS `profilebundlefwd`;
CREATE TABLE IF NOT EXISTS `profilebundlefwd` (
  `idprofile` varchar(32) NOT NULL,
  `idbundle` int(11) NOT NULL,
  PRIMARY KEY (`idprofile`,`idbundle`),
  KEY `idprofile` (`idprofile`),
  KEY `idbundle` (`idbundle`)
) ENGINE=InnoDB DEFAULT CHARSET=latin1;

--
-- Déchargement des données de la table `profilebundlefwd`
--

INSERT INTO `profilebundlefwd` (`idprofile`, `idbundle`) VALUES
('allowa', 1),
('allowaplus', 1),
('prepaid', 1),
('prepaid_pro1', 1),
('prepaid_pro2', 1),
('prepaid_pro3', 1),
('allowa', 2),
('allowaplus', 2),
('prepaid', 2),
('prepaid_pro1', 2),
('prepaid_pro2', 2),
('prepaid_pro3', 2),
('allowa', 3),
('allowaplus', 3),
('prepaid', 3),
('prepaid_pro1', 3),
('prepaid_pro2', 3),
('prepaid_pro3', 3),
('allowa', 4),
('allowaplus', 4),
('prepaid', 4),
('prepaid_pro1', 4),
('prepaid_pro2', 4),
('prepaid_pro3', 4),
('allowa', 5),
('allowaplus', 5),
('prepaid', 5),
('prepaid_pro1', 5),
('prepaid_pro2', 5),
('prepaid_pro3', 5),
('allowa', 6),
('allowaplus', 6),
('prepaid', 6),
('prepaid_pro1', 6),
('prepaid_pro2', 6),
('prepaid_pro3', 6),
('allowa', 7),
('allowaplus', 7),
('prepaid', 7),
('prepaid_pro1', 7),
('prepaid_pro2', 7),
('prepaid_pro3', 7),
('allowa', 8),
('allowaplus', 8),
('prepaid', 8),
('prepaid_pro1', 8),
('prepaid_pro2', 8),
('prepaid_pro3', 8),
('allowa', 9),
('allowaplus', 9),
('prepaid', 9),
('prepaid_pro1', 9),
('prepaid_pro2', 9),
('prepaid_pro3', 9),
('allowa', 10),
('allowaplus', 10),
('prepaid', 10),
('prepaid_pro1', 10),
('prepaid_pro2', 10),
('prepaid_pro3', 10),
('allowa', 11),
('allowaplus', 11),
('prepaid', 11),
('prepaid_pro1', 11),
('prepaid_pro2', 11),
('prepaid_pro3', 11),
('allowa', 12),
('allowaplus', 12),
('prepaid', 12),
('prepaid_corporate', 12),
('prepaid_pro1', 12),
('prepaid_pro2', 12),
('prepaid_pro3', 12),
('allowa', 13),
('allowaplus', 13),
('prepaid', 13),
('prepaid_corporate', 13),
('prepaid_pro1', 13),
('prepaid_pro2', 13),
('prepaid_pro3', 13),
('allowa', 14),
('allowaplus', 14),
('prepaid', 14),
('prepaid_corporate', 14),
('prepaid_pro1', 14),
('prepaid_pro2', 14),
('prepaid_pro3', 14),
('allowa', 15),
('allowaplus', 15),
('prepaid', 15),
('prepaid_pro1', 15),
('prepaid_pro2', 15),
('prepaid_pro3', 15),
('allowa', 16),
('allowaplus', 16),
('prepaid', 16),
('prepaid_pro1', 16),
('prepaid_pro2', 16),
('prepaid_pro3', 16),
('allowa', 17),
('allowaplus', 17),
('prepaid', 17),
('prepaid_pro1', 17),
('prepaid_pro2', 17),
('prepaid_pro3', 17),
('allowa', 18),
('allowaplus', 18),
('prepaid', 18),
('prepaid_pro1', 18),
('prepaid_pro2', 18),
('prepaid_pro3', 18),
('allowa', 19),
('allowaplus', 19),
('prepaid', 19),
('prepaid_pro1', 19),
('prepaid_pro2', 19),
('prepaid_pro3', 19),
('allowa', 20),
('allowaplus', 20),
('prepaid', 20),
('prepaid_pro1', 20),
('prepaid_pro2', 20),
('prepaid_pro3', 20),
('allowa', 21),
('allowaplus', 21),
('prepaid', 21),
('prepaid_pro1', 21),
('prepaid_pro2', 21),
('prepaid_pro3', 21),
('allowa', 22),
('allowaplus', 22),
('prepaid', 22),
('prepaid_pro1', 22),
('prepaid_pro2', 22),
('prepaid_pro3', 22),
('allowa', 23),
('allowaplus', 23),
('prepaid', 23),
('prepaid_pro1', 23),
('prepaid_pro2', 23),
('prepaid_pro3', 23),
('allowa', 24),
('allowaplus', 24),
('prepaid', 24),
('prepaid_pro1', 24),
('prepaid_pro2', 24),
('prepaid_pro3', 24),
('allowa', 25),
('allowaplus', 25),
('prepaid', 25),
('prepaid_pro1', 25),
('prepaid_pro2', 25),
('prepaid_pro3', 25),
('allowa', 26),
('allowaplus', 26),
('prepaid', 26),
('prepaid_pro1', 26),
('prepaid_pro2', 26),
('prepaid_pro3', 26),
('allowa', 27),
('allowaplus', 27),
('prepaid', 27),
('prepaid_pro1', 27),
('prepaid_pro2', 27),
('prepaid_pro3', 27),
('allowa', 28),
('allowaplus', 28),
('prepaid', 28),
('prepaid_pro1', 28),
('prepaid_pro2', 28),
('prepaid_pro3', 28),
('allowa', 29),
('allowaplus', 29),
('prepaid', 29),
('prepaid_pro1', 29),
('prepaid_pro2', 29),
('prepaid_pro3', 29),
('allowa', 30),
('allowaplus', 30),
('hybrid', 30),
('postpaid', 30),
('postpaid_controlled', 30),
('prepaid', 30),
('prepaid_pro1', 30),
('prepaid_pro2', 30),
('prepaid_pro3', 30),
('allowa', 31),
('allowaplus', 31),
('hybrid', 31),
('postpaid', 31),
('postpaid_controlled', 31),
('prepaid', 31),
('prepaid_pro1', 31),
('prepaid_pro2', 31),
('prepaid_pro3', 31),
('allowa', 32),
('allowaplus', 32),
('hybrid', 32),
('postpaid', 32),
('postpaid_controlled', 32),
('prepaid', 32),
('prepaid_pro1', 32),
('prepaid_pro2', 32),
('prepaid_pro3', 32),
('allowa', 33),
('allowaplus', 33),
('prepaid', 33),
('prepaid_pro1', 33),
('prepaid_pro2', 33),
('prepaid_pro3', 33),
('allowa', 38),
('allowaplus', 38),
('prepaid', 38),
('prepaid_pro1', 38),
('prepaid_pro2', 38),
('prepaid_pro3', 38),
('allowa', 39),
('allowaplus', 39),
('prepaid', 39),
('prepaid_pro1', 39),
('prepaid_pro2', 39),
('prepaid_pro3', 39),
('allowa', 40),
('allowaplus', 40),
('prepaid', 40),
('prepaid_pro1', 40),
('prepaid_pro2', 40),
('prepaid_pro3', 40),
('allowa', 41),
('allowaplus', 41),
('prepaid', 41),
('prepaid_pro1', 41),
('prepaid_pro2', 41),
('prepaid_pro3', 41),
('allowa', 42),
('allowaplus', 42),
('prepaid', 42),
('prepaid_pro1', 42),
('prepaid_pro2', 42),
('prepaid_pro3', 42),
('allowa', 43),
('allowaplus', 43),
('prepaid', 43),
('prepaid_corporate', 43),
('prepaid_pro1', 43),
('prepaid_pro2', 43),
('prepaid_pro3', 43),
('allowa', 44),
('allowaplus', 44),
('prepaid', 44),
('prepaid_pro1', 44),
('prepaid_pro2', 44),
('prepaid_pro3', 44),
('allowa', 45),
('allowaplus', 45),
('prepaid', 45),
('prepaid_pro1', 45),
('prepaid_pro2', 45),
('prepaid_pro3', 45),
('allowa', 46),
('allowaplus', 46),
('prepaid', 46),
('prepaid_pro1', 46),
('prepaid_pro2', 46),
('prepaid_pro3', 46),
('allowa', 47),
('allowaplus', 47),
('prepaid', 47),
('prepaid_pro1', 47),
('prepaid_pro2', 47),
('prepaid_pro3', 47),
('allowa', 48),
('allowaplus', 48),
('prepaid', 48),
('prepaid_pro1', 48),
('prepaid_pro2', 48),
('prepaid_pro3', 48),
('allowa', 49),
('allowaplus', 49),
('prepaid', 49),
('prepaid_pro1', 49),
('prepaid_pro2', 49),
('prepaid_pro3', 49),
('allowa', 50),
('allowaplus', 50),
('prepaid', 50),
('prepaid_pro1', 50),
('prepaid_pro2', 50),
('prepaid_pro3', 50),
('ambatovy', 51),
('hybrid', 51),
('postpaid', 51),
('postpaid_controlled', 51),
('postpaid_corporate', 51),
('allowa', 52),
('allowaplus', 52),
('prepaid', 52),
('prepaid_pro1', 52),
('prepaid_pro2', 52),
('prepaid_pro3', 52),
('allowa', 53),
('allowaplus', 53),
('hybrid', 53),
('postpaid', 53),
('postpaid_controlled', 53),
('prepaid', 53),
('prepaid_pro1', 53),
('prepaid_pro2', 53),
('prepaid_pro3', 53),
('ambatovy', 100),
('hybrid', 100),
('postpaid', 100),
('postpaid_controlled', 100),
('postpaid_corporate', 100),
('ambatovy', 102),
('hybrid', 102),
('postpaid', 102),
('postpaid_controlled', 102),
('postpaid_corporate', 102),
('ambatovy', 104),
('hybrid', 104),
('postpaid', 104),
('postpaid_controlled', 104),
('postpaid_corporate', 104),
('ambatovy', 105),
('hybrid', 105),
('postpaid', 105),
('postpaid_controlled', 105),
('postpaid_corporate', 105),
('ambatovy', 106),
('hybrid', 106),
('postpaid', 106),
('postpaid_controlled', 106),
('postpaid_corporate', 106),
('ambatovy', 107),
('hybrid', 107),
('postpaid', 107),
('postpaid_controlled', 107),
('postpaid_corporate', 107),
('ambatovy', 108),
('hybrid', 108),
('postpaid', 108),
('postpaid_controlled', 108),
('postpaid_corporate', 108),
('ambatovy', 109),
('hybrid', 109),
('postpaid', 109),
('postpaid_controlled', 109),
('postpaid_corporate', 109),
('ambatovy', 110),
('hybrid', 110),
('postpaid', 110),
('postpaid_controlled', 110),
('postpaid_corporate', 110),
('ambatovy', 125),
('prepaid_corporate', 125),
('prepaid_corporate', 128),
('allowa', 133),
('allowaplus', 133),
('hybrid', 133),
('postpaid', 133),
('prepaid', 133),
('prepaid_pro1', 133),
('prepaid_pro2', 133),
('prepaid_pro3', 133),
('allowa', 137),
('allowaplus', 137),
('hybrid', 137),
('postpaid', 137),
('prepaid', 137),
('prepaid_pro1', 137),
('prepaid_pro2', 137),
('prepaid_pro3', 137),
('allowa', 140),
('allowaplus', 140),
('hybrid', 140),
('postpaid', 140),
('prepaid', 140),
('prepaid_pro1', 140),
('prepaid_pro2', 140),
('prepaid_pro3', 140),
('allowa', 144),
('allowaplus', 144),
('ambatovy', 144),
('hybrid', 144),
('postpaid', 144),
('postpaid_controlled', 144),
('postpaid_corporate', 144),
('prepaid', 144),
('prepaid_corporate', 144),
('prepaid_pro1', 144),
('prepaid_pro2', 144),
('prepaid_pro3', 144),
('pro', 144),
('allowa', 147),
('allowaplus', 147),
('ambatovy', 147),
('hybrid', 147),
('postpaid', 147),
('postpaid_controlled', 147),
('postpaid_corporate', 147),
('prepaid', 147),
('prepaid_corporate', 147),
('prepaid_pro1', 147),
('prepaid_pro2', 147),
('prepaid_pro3', 147),
('pro', 147);

-- --------------------------------------------------------

--
-- Structure de la table `profileotherservice`
--

DROP TABLE IF EXISTS `profileotherservice`;
CREATE TABLE IF NOT EXISTS `profileotherservice` (
  `idprofile` varchar(32) NOT NULL,
  `idotherservice` int(11) NOT NULL,
  PRIMARY KEY (`idprofile`,`idotherservice`),
  KEY `idprof` (`idprofile`),
  KEY `idotherserv` (`idotherservice`)
) ENGINE=InnoDB DEFAULT CHARSET=latin1;

--
-- Déchargement des données de la table `profileotherservice`
--

INSERT INTO `profileotherservice` (`idprofile`, `idotherservice`) VALUES
('allowa', 1),
('allowaplus', 1),
('corporate_gold', 1),
('hybrid', 1),
('postpaid', 1),
('postpaid_controlled', 1),
('prepaid', 1),
('prepaid_pro1', 1),
('prepaid_pro2', 1),
('prepaid_pro3', 1),
('allowa', 2),
('allowaplus', 2),
('corporate_gold', 2),
('hybrid', 2),
('postpaid', 2),
('postpaid_controlled', 2),
('prepaid', 2),
('prepaid_pro1', 2),
('prepaid_pro2', 2),
('prepaid_pro3', 2),
('allowa', 3),
('allowaplus', 3),
('corporate_gold', 3),
('hybrid', 3),
('postpaid', 3),
('postpaid_controlled', 3),
('prepaid', 3),
('prepaid_pro1', 3),
('prepaid_pro2', 3),
('prepaid_pro3', 3),
('allowa', 4),
('allowaplus', 4),
('corporate_gold', 4),
('hybrid', 4),
('postpaid', 4),
('postpaid_controlled', 4),
('prepaid', 4),
('prepaid_pro1', 4),
('prepaid_pro2', 4),
('prepaid_pro3', 4),
('allowa', 5),
('allowaplus', 5),
('corporate_gold', 5),
('hybrid', 5),
('postpaid', 5),
('postpaid_controlled', 5),
('prepaid', 5),
('prepaid_pro1', 5),
('prepaid_pro2', 5),
('prepaid_pro3', 5),
('allowa', 6),
('allowaplus', 6),
('corporate_gold', 6),
('hybrid', 6),
('postpaid', 6),
('postpaid_controlled', 6),
('prepaid', 6),
('prepaid_pro1', 6),
('prepaid_pro2', 6),
('prepaid_pro3', 6),
('allowa', 7),
('allowaplus', 7),
('corporate_gold', 7),
('hybrid', 7),
('postpaid', 7),
('postpaid_controlled', 7),
('prepaid', 7),
('prepaid_pro1', 7),
('prepaid_pro2', 7),
('prepaid_pro3', 7),
('allowa', 8),
('allowaplus', 8),
('corporate_gold', 8),
('hybrid', 8),
('postpaid', 8),
('postpaid_controlled', 8),
('prepaid', 8),
('prepaid_pro1', 8),
('prepaid_pro2', 8),
('prepaid_pro3', 8),
('allowa', 9),
('allowaplus', 9),
('corporate_gold', 9),
('hybrid', 9),
('postpaid', 9),
('postpaid_controlled', 9),
('prepaid', 9),
('prepaid_pro1', 9),
('prepaid_pro2', 9),
('prepaid_pro3', 9),
('allowa', 10),
('allowaplus', 10),
('corporate_gold', 10),
('hybrid', 10),
('postpaid', 10),
('postpaid_controlled', 10),
('prepaid', 10),
('prepaid_pro1', 10),
('prepaid_pro2', 10),
('prepaid_pro3', 10),
('allowa', 11),
('allowaplus', 11),
('corporate_gold', 11),
('hybrid', 11),
('postpaid', 11),
('postpaid_controlled', 11),
('prepaid', 11),
('prepaid_pro1', 11),
('prepaid_pro2', 11),
('prepaid_pro3', 11),
('allowa', 12),
('allowaplus', 12),
('corporate_gold', 12),
('hybrid', 12),
('postpaid', 12),
('postpaid_controlled', 12),
('prepaid', 12),
('prepaid_pro1', 12),
('prepaid_pro2', 12),
('prepaid_pro3', 12),
('allowa', 13),
('allowaplus', 13),
('corporate_gold', 13),
('hybrid', 13),
('postpaid', 13),
('postpaid_controlled', 13),
('prepaid', 13),
('prepaid_pro1', 13),
('prepaid_pro2', 13),
('prepaid_pro3', 13),
('allowa', 14),
('allowaplus', 14),
('corporate_gold', 14),
('hybrid', 14),
('postpaid', 14),
('postpaid_controlled', 14),
('prepaid', 14),
('prepaid_pro1', 14),
('prepaid_pro2', 14),
('prepaid_pro3', 14),
('allowa', 15),
('allowaplus', 15),
('corporate_gold', 15),
('hybrid', 15),
('postpaid', 15),
('postpaid_controlled', 15),
('prepaid', 15),
('prepaid_pro1', 15),
('prepaid_pro2', 15),
('prepaid_pro3', 15),
('allowa', 21),
('allowaplus', 21),
('hybrid', 21),
('postpaid_controlled', 21),
('prepaid', 21),
('prepaid_corporate', 21),
('prepaid_pro1', 21),
('prepaid_pro2', 21),
('prepaid_pro3', 21),
('ambatovy', 22),
('corporate_gold', 22),
('hybrid', 22),
('postpaid', 22),
('postpaid_controlled', 22),
('postpaid_corporate', 22),
('allowa', 23),
('allowaplus', 23),
('hybrid', 23),
('postpaid', 23),
('postpaid_controlled', 23),
('prepaid', 23),
('prepaid_pro1', 23),
('prepaid_pro2', 23),
('prepaid_pro3', 23),
('allowa', 25),
('allowaplus', 26),
('allowa', 27),
('allowa', 28),
('allowaplus', 28),
('prepaid', 28),
('prepaid_corporate', 28),
('prepaid_pro1', 28),
('prepaid_pro2', 28),
('prepaid_pro3', 28),
('allowa', 29),
('allowaplus', 29),
('ambatovy', 29),
('corporate_gold', 29),
('hybrid', 29),
('postpaid', 29),
('postpaid_controlled', 29),
('postpaid_corporate', 29),
('prepaid', 29),
('prepaid_corporate', 29),
('prepaid_pro1', 29),
('prepaid_pro2', 29),
('prepaid_pro3', 29),
('allowa', 30),
('allowaplus', 30),
('prepaid', 30),
('prepaid_pro1', 30),
('prepaid_pro2', 30),
('prepaid_pro3', 30),
('allowa', 31),
('allowaplus', 31),
('prepaid', 31),
('prepaid_corporate', 31),
('prepaid_pro1', 31),
('prepaid_pro2', 31),
('prepaid_pro3', 31),
('allowa', 32),
('allowaplus', 32),
('ambatovy', 32),
('corporate_gold', 32),
('hybrid', 32),
('postpaid', 32),
('postpaid_controlled', 32),
('postpaid_corporate', 32),
('prepaid', 32),
('prepaid_corporate', 32),
('prepaid_pro1', 32),
('prepaid_pro2', 32),
('prepaid_pro3', 32),
('corporate_gold', 37),
('allowa', 38),
('allowaplus', 38),
('hybrid', 38),
('prepaid', 38),
('prepaid_pro1', 38),
('prepaid_pro2', 38),
('prepaid_pro3', 38),
('pro', 38);

-- --------------------------------------------------------

--
-- Structure de la table `publicda`
--

DROP TABLE IF EXISTS `publicda`;
CREATE TABLE IF NOT EXISTS `publicda` (
  `idprofile` varchar(32) NOT NULL,
  `DA` int(11) NOT NULL,
  `nom` varchar(256) NOT NULL,
  `isroaming` tinyint(1) NOT NULL DEFAULT '0',
  `istoexcludefrominfoconso` tinyint(1) NOT NULL DEFAULT '0',
  `ismixed` tinyint(1) NOT NULL DEFAULT '0',
  `isActive` tinyint(1) NOT NULL DEFAULT '0',
  `tarifsmsnat` float NOT NULL DEFAULT '0',
  `tarifappelnat` float NOT NULL DEFAULT '0',
  `tarifdata` float NOT NULL DEFAULT '0',
  `tarifappelfamille` float NOT NULL DEFAULT '0',
  `tarifappelorange` float NOT NULL DEFAULT '0',
  `tarifappelinternational` float NOT NULL DEFAULT '0',
  `tarifsmsfamille` float NOT NULL DEFAULT '0',
  `tarifsmsorange` float NOT NULL DEFAULT '0',
  `tarifsmsinternational` float NOT NULL DEFAULT '0',
  `groups1` varchar(256) DEFAULT NULL,
  `groupsrank1` int(11) NOT NULL DEFAULT '-1',
  `groups2` varchar(256) DEFAULT NULL,
  `groupsrank2` int(11) NOT NULL DEFAULT '-1',
  `groups3` varchar(256) DEFAULT NULL,
  `groupsrank3` int(11) NOT NULL DEFAULT '-1',
  PRIMARY KEY (`idprofile`,`DA`) USING BTREE,
  KEY `DA` (`DA`) USING BTREE,
  KEY `idprofile` (`idprofile`) USING BTREE
) ENGINE=InnoDB DEFAULT CHARSET=latin1 COMMENT='DA Public';

--
-- Déchargement des données de la table `publicda`
--

INSERT INTO `publicda` (`idprofile`, `DA`, `nom`, `isroaming`, `istoexcludefrominfoconso`, `ismixed`, `isActive`, `tarifsmsnat`, `tarifappelnat`, `tarifdata`, `tarifappelfamille`, `tarifappelorange`, `tarifappelinternational`, `tarifsmsfamille`, `tarifsmsorange`, `tarifsmsinternational`, `groups1`, `groupsrank1`, `groups2`, `groupsrank2`, `groups3`, `groupsrank3`) VALUES
('allowa', 25, 'Allowa', 0, 0, 0, 1, 0, 0, 0, 0, 0, 0, 0, 0, 0, NULL, -1, NULL, -1, NULL, -1),
('allowa', 142, 'Allowa', 0, 0, 0, 1, 0, 0, 0, 0, 0, 0, 0, 0, 0, NULL, -1, NULL, -1, NULL, -1),
('allowa', 257, 'Allowa', 0, 0, 0, 1, 0, 0, 0, 0, 0, 0, 0, 0, 0, NULL, -1, NULL, -1, NULL, -1),
('allowa', 320, 'TEST koa', 1, 0, 0, 0, 0, 0, 0, 0, 0, 0, 0, 0, 0, 'r1', 1, 'r2', 2, 'r3', 3),
('allowaplus', 25, 'Allowa+', 0, 0, 0, 1, 0, 0, 0, 0, 0, 0, 0, 0, 0, NULL, -1, NULL, -1, NULL, -1),
('allowaplus', 142, 'Allowa+', 0, 0, 0, 1, 0, 0, 0, 0, 0, 0, 0, 0, 0, NULL, -1, NULL, -1, NULL, -1),
('allowaplus', 257, 'Allowa+', 0, 0, 0, 1, 0, 0, 0, 0, 0, 0, 0, 0, 0, NULL, -1, NULL, -1, NULL, -1),
('allowaplus', 320, 'TESTKOA', 1, 1, 1, 0, 1, 1, 1, 1, 1, 1, 1, 1, 1, 'g', 1, 'g', 1, 'g', 1),
('ambatovy', 14, 'TESTA BE LOHA', 1, 0, 1, 0, 0.8, 0, 0, 0.2, 0, 0, 0, 0, 0, 'g', 1, '', -1, 'r3', 2),
('ambatovy', 26, 'KKKKKkkuuu', 0, 0, 1, 0, 0.5, 0, 0, 0, 0.2, 0, 0, 0, 0, 'Autre r1', 1, '', -1, '', -1),
('hybrid', 179, 'BONUS RECHARGE', 0, 0, 0, 1, 0, 0, 0, 0, 0, 0, 0, 0, 0, NULL, -1, NULL, -1, NULL, -1),
('hybrid', 180, 'BONUS RECHARGE', 0, 0, 0, 1, 0, 0, 0, 0, 0, 0, 0, 0, 0, NULL, -1, NULL, -1, NULL, -1),
('hybrid', 181, 'BONUS RECHARGE', 0, 0, 0, 1, 0, 0, 0, 0, 0, 0, 0, 0, 0, NULL, -1, NULL, -1, NULL, -1),
('hybrid', 182, 'BONUS RECHARGE', 0, 0, 0, 1, 0, 0, 0, 0, 0, 0, 0, 0, 0, NULL, -1, NULL, -1, NULL, -1),
('hybrid', 183, 'BONUS RECHARGE', 0, 0, 0, 1, 0, 0, 0, 0, 0, 0, 0, 0, 0, NULL, -1, NULL, -1, NULL, -1),
('postpaid', 179, 'BONUS RECHARGE', 0, 0, 0, 1, 0, 0, 0, 0, 0, 0, 0, 0, 0, NULL, -1, NULL, -1, NULL, -1),
('postpaid', 180, 'BONUS RECHARGE', 0, 0, 0, 1, 0, 0, 0, 0, 0, 0, 0, 0, 0, NULL, -1, NULL, -1, NULL, -1),
('postpaid', 181, 'BONUS RECHARGE', 0, 0, 0, 1, 0, 0, 0, 0, 0, 0, 0, 0, 0, NULL, -1, NULL, -1, NULL, -1),
('postpaid', 182, 'BONUS RECHARGE', 0, 0, 0, 1, 0, 0, 0, 0, 0, 0, 0, 0, 0, NULL, -1, NULL, -1, NULL, -1),
('postpaid', 183, 'BONUS RECHARGE', 0, 0, 0, 1, 0, 0, 0, 0, 0, 0, 0, 0, 0, NULL, -1, NULL, -1, NULL, -1),
('prepaid', 99, 'FB FLEX', 0, 0, 0, 0, 0, 0, 0, 0, 0, 0, 0, 0, 0, NULL, -1, NULL, -1, NULL, -1),
('prepaid', 171, 'BONUS Iere ACTIVATION', 0, 0, 0, 1, 0, 0, 0, 0, 0, 0, 0, 0, 0, NULL, -1, NULL, -1, NULL, -1),
('prepaid', 179, 'BONUS RECHARGE', 0, 0, 0, 1, 0, 0, 0, 0, 0, 0, 0, 0, 0, NULL, -1, NULL, -1, NULL, -1),
('prepaid', 180, 'BONUS RECHARGE', 0, 0, 0, 1, 0, 0, 0, 0, 0, 0, 0, 0, 0, NULL, -1, NULL, -1, NULL, -1),
('prepaid', 181, 'BONUS RECHARGE', 0, 0, 0, 1, 0, 0, 0, 0, 0, 0, 0, 0, 0, NULL, -1, NULL, -1, NULL, -1),
('prepaid', 182, 'BONUS RECHARGE', 0, 0, 0, 1, 0, 0, 0, 0, 0, 0, 0, 0, 0, NULL, -1, NULL, -1, NULL, -1),
('prepaid', 183, 'BONUS RECHARGE', 0, 0, 0, 1, 0, 0, 0, 0, 0, 0, 0, 0, 0, NULL, -1, NULL, -1, NULL, -1),
('prepaid', 201, 'BONUS Iere ACTIVATION', 0, 0, 0, 1, 0, 0, 0, 0, 0, 0, 0, 0, 0, NULL, -1, NULL, -1, NULL, -1),
('pro', 24, 'OFFRE PRO', 0, 0, 0, 1, 0, 0, 0, 0, 0, 0, 0, 0, 0, NULL, -1, NULL, -1, NULL, -1),
('pro', 143, 'OFFRE PRO', 0, 0, 0, 1, 0, 0, 0, 0, 0, 0, 0, 0, 0, NULL, -1, NULL, -1, NULL, -1),
('pro', 184, 'OFFRE PRO', 0, 0, 0, 1, 0, 0, 0, 0, 0, 0, 0, 0, 0, NULL, -1, NULL, -1, NULL, -1),
('pro', 314, 'BONUS PRO', 0, 0, 0, 1, 0, 0, 0, 0, 0, 0, 0, 0, 0, NULL, -1, NULL, -1, NULL, -1),
('pro', 315, 'BONUS PRO', 0, 0, 0, 1, 0, 0, 0, 0, 0, 0, 0, 0, 0, NULL, -1, NULL, -1, NULL, -1),
('pro', 316, 'BONUS PRO', 0, 0, 0, 1, 0, 0, 0, 0, 0, 0, 0, 0, 0, NULL, -1, NULL, -1, NULL, -1),
('pro', 317, 'BONUS PRO', 0, 0, 0, 1, 0, 0, 0, 0, 0, 0, 0, 0, 0, NULL, -1, NULL, -1, NULL, -1);

-- --------------------------------------------------------

--
-- Structure de la table `unit`
--

DROP TABLE IF EXISTS `unit`;
CREATE TABLE IF NOT EXISTS `unit` (
  `unit` int(11) NOT NULL,
  `description` varchar(32) NOT NULL,
  `systemratio` float NOT NULL DEFAULT '1',
  PRIMARY KEY (`unit`)
) ENGINE=InnoDB DEFAULT CHARSET=latin1;

--
-- Déchargement des données de la table `unit`
--

INSERT INTO `unit` (`unit`, `description`, `systemratio`) VALUES
(1, 'SMS', 1),
(2, 'ARIARY', 0.01),
(3, 'SECOND', 1),
(4, 'OCTET', 1);

--
-- Contraintes pour les tables déchargées
--

--
-- Contraintes pour la table `bundleofferelementaire`
--
ALTER TABLE `bundleofferelementaire`
  ADD CONSTRAINT `FK_DA` FOREIGN KEY (`DA`) REFERENCES `offerelementaire` (`DA`),
  ADD CONSTRAINT `FK_bundle` FOREIGN KEY (`idbundle`) REFERENCES `bundle` (`idbundle`);

--
-- Contraintes pour la table `monthly`
--
ALTER TABLE `monthly`
  ADD CONSTRAINT `fk_daaa` FOREIGN KEY (`da`) REFERENCES `offerelementaire` (`DA`);

--
-- Contraintes pour la table `offerelementaire`
--
ALTER TABLE `offerelementaire`
  ADD CONSTRAINT `fk_unit` FOREIGN KEY (`unit`) REFERENCES `unit` (`unit`);

--
-- Contraintes pour la table `profile`
--
ALTER TABLE `profile`
  ADD CONSTRAINT `FK_profile_parent` FOREIGN KEY (`parent`) REFERENCES `profile` (`idprofile`);

--
-- Contraintes pour la table `profilebundle`
--
ALTER TABLE `profilebundle`
  ADD CONSTRAINT `FKKBUNDLE` FOREIGN KEY (`idbundle`) REFERENCES `bundle` (`idbundle`),
  ADD CONSTRAINT `FK_PROFILE` FOREIGN KEY (`idprofile`) REFERENCES `profile` (`idprofile`);

--
-- Contraintes pour la table `profilebundlefwd`
--
ALTER TABLE `profilebundlefwd`
  ADD CONSTRAINT `fk_bundleeeee` FOREIGN KEY (`idbundle`) REFERENCES `bundle` (`idbundle`),
  ADD CONSTRAINT `fk_profffffff` FOREIGN KEY (`idprofile`) REFERENCES `profile` (`idprofile`);

--
-- Contraintes pour la table `profileotherservice`
--
ALTER TABLE `profileotherservice`
  ADD CONSTRAINT `fk_otherservv` FOREIGN KEY (`idotherservice`) REFERENCES `otherservice` (`idotherservice`),
  ADD CONSTRAINT `fk_proff` FOREIGN KEY (`idprofile`) REFERENCES `profile` (`idprofile`);

--
-- Contraintes pour la table `publicda`
--
ALTER TABLE `publicda`
  ADD CONSTRAINT `FK_DA22` FOREIGN KEY (`DA`) REFERENCES `offerelementaire` (`DA`),
  ADD CONSTRAINT `FK_PROFILE33` FOREIGN KEY (`idprofile`) REFERENCES `profile` (`idprofile`);
COMMIT;

/*!40101 SET CHARACTER_SET_CLIENT=@OLD_CHARACTER_SET_CLIENT */;
/*!40101 SET CHARACTER_SET_RESULTS=@OLD_CHARACTER_SET_RESULTS */;
/*!40101 SET COLLATION_CONNECTION=@OLD_COLLATION_CONNECTION */;
